<?xml version="1.0"?>
<!DOCTYPE module PUBLIC
        "-//Checkstyle//DTD Checkstyle Configuration 1.3//EN"
        "https://checkstyle.org/dtds/configuration_1_3.dtd">

<module name="Checker">
    <module name="BeforeExecutionExclusionFileFilter">
        <property name="fileNamePattern" value="module\-info\.java$" />
    </module>
    <module name="SuppressionFilter">
        <property name="file" value="etc/checkstyle_suppressions.xml" />
    </module>

    <!-- Checks for file header -->
    <!-- See http://checkstyle.sf.net/config_header.html -->
    <module name="Header">
        <property name="headerFile" value="etc/header-boilerplate.txt" />
        <property name="ignoreLines" value="2" />
        <property name="fileExtensions" value="java" />
    </module>

    <!-- Checks for whitespace -->
    <!-- See http://checkstyle.sf.net/config_whitespace.html -->
    <module name="FileTabCharacter" />
    <module name="NewlineAtEndOfFile">
        <property name="fileExtensions" value="java, xml" />
    </module>

    <module name="TreeWalker">
        <module name="JavadocMethod">
            <property name="accessModifiers" value="public, protected" />
        </module>
        <module name="JavadocType">
            <property name="scope" value="public" />
        </module>

        <module name="MissingDeprecated" />
        <module name="MissingOverride" />

        <!-- Checks for naming convention -->
        <!-- See https://checkstyle.sourceforge.io/config_naming.html -->
        <module name="CatchParameterName" />
        <module name="ClassTypeParameterName">
            <property name="format" value="^[A-Z][A-Z1-9]?$" />
        </module>
        <module name="ConstantName" />
        <module name="InterfaceTypeParameterName">
            <property name="format" value="^[A-Z][A-Z1-9]?$" />
        </module>
        <module name="IllegalIdentifierName" />
        <module name="LambdaParameterName" />
        <module name="LocalFinalVariableName">
            <property name="id" value="LocalFinalVariableNameMain" />
            <!-- Use the default configuration in main code -->
        </module>
        <module name="LocalFinalVariableName">
            <property name="id" value="LocalFinalVariableNameTest" />
            <property name="format" value="^[a-z][a-zA-Z0-9]*(_[0-9]+)?$" />
        </module>
        <module name="LocalVariableName">
            <property name="id" value="LocalVariableNameMain" />
            <!-- Use the default configuration in main code -->
        </module>
        <module name="LocalVariableName">
            <property name="id" value="LocalVariableNameTest" />
            <property name="format" value="^[a-z][a-zA-Z0-9]*(_[0-9]+)?$" />
        </module>
        <module name="MemberName">
            <property name="id" value="MemberNameMain" />
            <!-- Use the default configuration in main code -->
        </module>
        <module name="MemberName">
            <property name="id" value="MemberNameTest" />
            <property name="format" value="^[a-z][a-zA-Z0-9]*(_[0-9]+)?$" />
        </module>
        <module name="MethodName">
            <property name="id" value="MethodNameMain" />
            <!-- Use the default configuration, but consider Unicode characters and not only ASCII. -->
            <property name="format" value="^\p{Ll}[\p{Ll}\p{Lu}0-9]*$" />
        </module>
        <module name="MethodName">
            <property name="id" value="MethodNameTest" />
            <property name="format" value="^[a-z](_?[a-zA-Z0-9]+)*$" />
        </module>
        <module name="MethodTypeParameterName">
            <property name="format" value="^[A-Z][A-Z1-9]?$" />
        </module>
        <module name="PackageName" />
        <module name="ParameterName" />
        <module name="PatternVariableName" />
        <module name="RecordComponentName" />
        <module name="RecordTypeParameterName">
            <property name="format" value="^[A-Z][A-Z1-9]?$" />
        </module>
        <module name="StaticVariableName" />
        <module name="TypeName">
            <!-- Use the default configuration, but consider Unicode characters and not only ASCII. -->
            <property name="format" value="^\p{Lu}[\p{Ll}\p{Lu}0-9]*$" />
        </module>

        <!-- Checks that only characters of the Unicode blocks BASIC_LATIN (ASCII) and LATIN_1_SUPPLEMENT are used. -->
        <module name="IllegalIdentifierName">
            <property name="format" value="^[\p{block=BASIC_LATIN}\p{block=LATIN_1_SUPPLEMENT}]+$" />
        </module>


        <module name="EqualsHashCode" />
        <module name="StringLiteralEquality" />

        <module name="SuppressWithNearbyCommentFilter">
            <!-- TODO: remove this after next release -->
            <property name="commentFormat" value="@CS\.suppress\[(\w+(\|\w+)*)\]" />
            <property name="checkFormat" value="$1" />
            <property name="influenceFormat" value="1" />
        </module>
    </module>

    <module name="JavadocPackage" />
</module>
