x,y,ID,Day1,Day2,Day3,Day4,Day5,Day6,Day7,Day8,Day9,Day10,Day11,Day12,Day13,Day14,Day15,Day16,Day17,Day18,Day19,Day20,Day21,Day22,Day23,Day24,Day25,Day26,Day27,Day28,Day29,Day30,Day31,Day32,Day33,Day34,Day35,Day36,Day37,Day38,Day39,Day40,Day41,Day42,Day43,Day44,Day45,Day46,Day47,Day48,Day49,Day50,Day51,Day52,Day53,Day54,Day55,Day56,Day57,Day58,Day59,Day60,Day61,Day62,Day63,Day64,Day65,Day66,Day67,Day68,Day69,Day70,Day71,Day72,Day73,Day74,Day75,Day76,Day77,Day78,Day79,Day80,Day81,Day82,Day83,Day84,Day85,Day86,Day87,Day88,Day89,Day90,Day91,Day92,Day93,Day94,Day95,Day96,Day97,Day98,Day99,Day100,Day101,Day102,Day103,Day104,Day105,Day106,Day107,Day108,Day109,Day110,Day111,Day112,Day113,Day114,Day115,Day116,Day117,Day118,Day119,Day120,Day121,Day122,Day123,Day124,Day125,Day126,Day127,Day128,Day129,Day130,Day131,Day132,Day133,Day134,Day135,Day136,Day137,Day138,Day139,Day140,Day141,Day142,Day143,Day144,Day145,Day146,Day147,Day148,Day149,Day150,Day151,Day152,Day153,Day154,Day155,Day156,Day157,Day158,Day159,Day160,Day161,Day162,Day163,Day164,Day165,Day166,Day167,Day168,Day169,Day170,Day171,Day172,Day173,Day174,Day175,Day176,Day177,Day178,Day179,Day180,Day181,Day182,Day183,Day184,Day185,Day186,Day187,Day188,Day189,Day190,Day191,Day192,Day193,Day194,Day195,Day196,Day197,Day198,Day199,Day200,Day201,Day202,Day203,Day204,Day205,Day206,Day207,Day208,Day209,Day210,Day211,Day212,Day213,Day214,Day215,Day216,Day217,Day218,Day219,Day220,Day221,Day222,Day223,Day224,Day225,Day226,Day227,Day228,Day229,Day230,Day231,Day232,Day233,Day234,Day235,Day236,Day237,Day238,Day239,Day240,Day241,Day242,Day243,Day244,Day245,Day246,Day247,Day248,Day249,Day250,Day251,Day252,Day253,Day254,Day255,Day256,Day257,Day258,Day259,Day260,Day261,Day262,Day263,Day264,Day265,Day266,Day267,Day268,Day269,Day270,Day271,Day272,Day273,Day274,Day275,Day276,Day277,Day278,Day279,Day280,Day281,Day282,Day283,Day284,Day285,Day286,Day287,Day288,Day289,Day290,Day291,Day292,Day293,Day294,Day295,Day296,Day297,Day298,Day299,Day300,Day301,Day302,Day303,Day304,Day305,Day306,Day307,Day308,Day309,Day310,Day311,Day312,Day313,Day314,Day315,Day316,Day317,Day318,Day319,Day320,Day321,Day322,Day323,Day324,Day325,Day326,Day327,Day328,Day329,Day330,Day331,Day332,Day333,Day334,Day335,Day336,Day337,Day338,Day339,Day340,Day341,Day342,Day343,Day344,Day345,Day346,Day347,Day348,Day349,Day350,Day351,Day352,Day353,Day354,Day355,Day356,Day357,Day358,Day359,Day360,Day361,Day362,Day363,Day364,Day365,TOTAL,CorCoef,CorCoef_Jul_Dec,CorCoef_2010,CorCoef_Three_months,CorCoef_Jan_Jun
588042,1091566,1000,300,180,140,220,100,7,0,0,0,0,0,0,0,0,0,0,0,0,0,0,0,0,0,0,0,0,0,0,0,0,0,0,0,0,0,0,0,0,0,0,0,0,0,0,0,0,0,0,0,0,0,0,0,0,0,0,5000,3500,4500,365,215,0,0,0,0,0,12,9,0,0,0,0,0,0,0,0,0,0,0,0,0,0,0,0,0,10,40,120,200,350,0,0,0,0,0,0,0,0,0,0,0,0,0,0,0,0,0,0,0,0,0,0,0,0,0,0,10,40,150,165,165,148,60,250,180,0,0,0,0,0,0,0,0,0,0,0,0,0,0,0,0,0,0,0,0,0,0,0,0,0,0,0,0,0,0,0,0,0,0,0,0,20,0,0,215,116,198,250,340,2000,1000,2000,4000,2500,1060,1027,1200,500,700,0,3000,600,1028,0,0,0,90,0,0,0,0,0,0,0,0,15,0,0,0,0,0,0,0,0,0,0,0,0,0,0,6375,0,0,0,0,0,0,0,0,0,0,0,0,0,0,0,0,0,0,0,500,500,0,0,400,0,0,0,0,0,0,0,0,0,0,0,0,0,0,0,0,0,0,0,0,0,0,0,0,0,0,0,0,0,0,0,0,0,0,0,0,0,0,0,0,0,0,0,0,0,0,0,0,0,0,0,0,0,0,0,0,0,0,0,0,0,0,0,0,0,0,0,0,0,0,0,0,0,0,0,0,0,0,0,0,0,0,0,0,0,0,0,0,0,0,0,0,0,0,0,0,0,0,0,0,0,0,0,0,0,0,0,0,0,0,0,0,0,0,0,0,0,0,0,0,0,0,0,0,0,0,0,0,0,0,46070,0,0,0,0.9997782,0.0084386
588700,1097972,1001,50,30,10,5,12,5,2,0,0,0,0,0,0,0,0,0,0,0,0,0,0,36,0,0,0,0,0,0,0,0,0,0,0,0,0,0,0,0,0,0,0,0,0,0,0,0,0,0,0,0,0,0,0,0,0,0,3200,2700,3800,700,560,0,0,0,0,0,0,0,0,0,0,0,0,0,0,0,0,0,0,0,0,0,0,0,0,20,35,160,230,500,0,0,0,0,0,0,0,0,0,0,0,0,0,0,0,0,0,0,0,0,0,0,0,0,0,0,30,35,145,180,75,140,120,200,56,0,0,0,0,0,0,0,0,0,0,0,0,0,0,0,0,0,0,0,0,0,0,0,0,0,0,0,0,0,0,0,0,0,0,0,0,3,0,0,0,0,0,0,0,100,150,250,300,0,0,300,200,250,500,0,1000,200,100,0,0,0,10,0,0,0,0,0,0,0,0,0,0,0,0,0,0,0,0,0,0,0,0,0,0,0,0,0,0,0,0,0,0,0,0,0,0,0,0,0,0,0,0,0,0,0,0,0,0,0,0,0,0,0,0,0,0,0,0,0,0,0,0,0,0,0,0,0,0,0,0,0,0,0,0,0,0,0,0,0,0,0,0,0,0,0,0,0,0,0,0,0,0,0,0,0,0,0,0,0,0,0,0,0,0,0,0,0,0,0,0,0,0,0,0,0,0,0,0,0,0,0,0,0,0,0,0,0,0,0,0,0,0,0,0,0,0,0,0,0,0,0,0,0,0,0,0,0,0,0,0,0,0,0,0,0,0,0,0,0,0,0,0,0,0,0,0,0,0,0,0,0,0,0,0,0,0,0,0,0,0,16399,0,0,0,0.9997761,0
581456,1100798,1002,1,3,0,0,0,0,0,0,0,0,0,0,0,0,0,0,0,0,0,0,0,0,0,0,0,0,0,0,0,0,0,0,0,0,0,0,0,0,0,0,0,0,0,0,0,0,0,0,0,0,0,0,0,0,0,0,0,0,0,0,0,0,0,0,0,0,0,0,0,0,0,0,0,0,0,0,0,0,0,0,0,0,0,0,0,6,25,70,48,120,0,0,0,0,0,0,0,0,0,0,0,0,0,0,0,0,0,0,0,0,0,0,0,0,0,0,6,25,70,48,20,5,42,7,12,0,0,0,0,0,0,0,0,0,0,0,0,0,0,0,0,0,0,0,0,0,0,0,0,0,0,0,0,0,0,0,0,0,0,0,3,0,0,0,0,0,417,0,0,635,250,250,320,0,0,480,250,300,670,0,147200,500,50,0,0,50,20,3,0,0,0,0,0,0,0,12,0,0,0,0,0,0,0,0,0,0,0,0,0,0,13,0,0,0,0,0,0,0,0,0,0,0,0,0,0,0,0,0,0,0,0,0,0,0,0,15,0,0,0,0,0,0,0,0,0,0,0,0,0,0,0,0,0,0,0,0,0,0,0,0,0,0,0,0,0,0,0,0,0,0,0,0,0,0,0,0,0,0,0,0,0,0,0,0,0,0,0,0,0,0,0,0,0,0,0,0,0,0,0,0,0,0,0,0,0,0,0,0,0,0,0,0,0,0,0,0,0,0,0,0,0,0,0,0,0,0,0,0,0,0,0,0,0,0,0,0,0,0,0,0,0,0,0,0,0,0,0,0,0,0,0,0,0,0,0,0,0,0,0,0,0,0,0,0,0,151946,0,0,0,0.9926999,0.009777934
567748,1094000,1006,0,0,0,0,0,0,0,0,0,0,0,0,0,0,0,0,0,0,20,0,11,0,0,60,0,0,0,0,0,0,0,0,0,0,0,0,0,0,0,0,0,0,0,0,0,0,0,0,0,0,75,205,480,1200,600,11000,12000,3500,500,80,40,0,0,0,0,0,0,0,0,0,0,0,0,0,0,0,0,0,0,0,40,120,450,1500,600,250,240,25,0,0,0,0,0,0,0,0,0,0,0,0,0,0,0,0,0,0,0,0,0,0,80,0,96,0,0,0,0,0,0,0,0,0,0,0,0,0,0,0,0,0,0,0,0,0,0,0,0,0,0,0,0,0,0,40,0,0,0,0,0,0,0,0,0,0,0,0,0,0,0,0,0,0,0,0,0,0,0,0,3000,260,300,500,600,400,140,5000,7000,500,100,3000,12000,1500,0,0,0,0,0,0,0,0,0,0,0,0,0,0,0,0,0,0,0,0,3000,500,1000,200,25,0,0,0,0,0,0,0,0,0,0,0,0,0,0,0,0,0,0,0,0,0,0,0,0,100,0,50,300,0,0,0,0,0,0,0,0,0,0,0,0,0,0,0,0,0,0,0,0,0,0,0,0,0,0,0,0,0,0,0,0,0,0,0,0,0,0,0,0,0,0,0,0,0,0,0,0,0,0,0,0,0,0,0,0,0,0,0,0,0,0,0,0,0,0,0,0,0,0,0,0,0,0,0,0,0,0,0,0,0,0,0,0,0,0,0,0,0,0,0,0,0,0,0,0,0,0,0,0,0,0,0,0,0,0,0,0,0,0,0,0,0,0,0,0,0,0,0,0,0,0,0,0,0,0,0,0,0,0,72687,0,0,0,0.9992496,0
563996,1103511,1007,0,0,0,0,0,0,0,0,0,0,0,0,0,0,0,0,0,0,50,0,0,0,0,500,150,200,0,0,0,0,0,0,0,0,0,0,0,0,0,0,0,0,0,0,0,0,0,0,0,0,0,36,140,750,3000,10000,14000,8200,1500,200,3000,60,0,0,0,0,0,0,0,0,0,0,0,0,0,0,0,0,20,100,300,500,3000,7000,250,120,100,0,0,0,0,0,0,0,0,0,0,0,0,0,0,0,0,0,0,0,0,0,0,200,20,0,0,0,0,0,0,0,0,0,0,0,0,0,0,0,0,0,0,0,0,0,0,0,0,0,0,0,0,0,0,0,300,500,0,0,0,0,0,0,0,0,0,0,0,0,0,0,0,0,0,0,0,0,0,0,0,0,3000,10000,12000,7000,5000,750,350,3000,5000,0,0,0,5000,1000,0,0,0,0,0,0,0,0,0,0,50,0,0,0,0,0,0,500,300,0,4000,500,200,50,0,0,0,0,0,0,0,0,0,0,0,0,0,0,0,0,0,0,0,0,0,0,120,0,400,150,0,30,80,0,0,0,0,0,0,0,0,0,0,0,0,0,0,0,0,0,0,0,0,0,0,0,0,0,0,0,0,0,0,0,0,0,0,0,0,0,0,0,0,0,0,0,0,0,0,0,0,0,0,0,0,0,0,0,0,0,0,0,0,0,0,0,0,0,0,0,0,0,0,0,0,0,0,0,0,0,0,0,0,0,0,0,0,0,0,0,0,0,0,0,0,0,0,0,0,0,0,0,0,0,0,0,0,0,0,0,0,0,0,0,0,0,0,0,0,0,0,0,0,0,0,0,0,0,0,0,0,0,0,112676,0,0,0,0.9989227,0
578154,1100258,1008,0,0,0,0,0,0,0,0,0,0,0,0,0,0,0,0,0,0,20,0,0,200,80,100,150,60,0,0,0,0,0,0,0,0,0,0,0,0,0,0,0,0,0,0,0,0,0,0,0,0,0,0,55,120,350,4000,4500,800,1000,150,30,0,0,0,0,0,0,0,0,0,0,0,0,0,0,0,75,12,8,50,65,60,50,400,20,14,24,12,0,0,0,0,0,0,0,0,0,0,0,0,0,0,0,0,0,0,0,0,0,0,10,12,80,0,0,0,0,0,0,0,0,0,0,0,0,0,0,0,0,0,0,0,0,0,0,0,0,0,0,0,0,0,0,0,0,0,0,0,0,0,0,0,0,0,0,0,0,0,0,0,0,0,0,0,0,0,0,0,50,60,120,500,100,120,150,1500,2000,0,80,15,5000,2000,0,0,0,0,0,0,0,0,0,0,20,12,0,0,0,0,0,10,40,120,500,2000,3000,200,30,100,0,0,0,0,0,0,0,0,0,0,0,0,0,0,0,0,0,0,0,0,12,0,2000,800,0,250,1000,300,0,0,0,0,0,0,0,0,0,0,0,0,0,0,0,0,0,0,0,0,0,0,0,0,0,0,0,0,0,0,0,0,0,0,0,0,0,0,0,0,0,0,0,0,0,0,0,0,0,0,0,0,0,0,0,0,0,0,0,0,0,0,0,0,0,0,0,0,0,0,0,0,0,0,0,0,0,0,0,0,0,0,0,0,0,0,0,0,0,0,0,0,0,0,0,0,0,0,0,0,0,0,0,0,0,0,0,0,0,0,0,0,0,0,0,0,0,0,0,0,0,0,0,0,0,0,0,0,0,34596,0.03829607,0.03829607,0.00789548,0.9995548,0
570485,1095600,1009,0,0,0,0,0,0,0,0,0,0,0,0,0,0,0,0,0,0,17,0,0,12,40,80,0,0,0,0,0,0,0,0,0,0,0,0,0,0,0,0,0,0,0,0,0,0,0,0,0,0,24,150,0,3500,800,7000,10000,4400,250,300,1500,45,0,0,0,0,0,0,0,0,0,0,0,0,0,0,0,35,0,150,180,600,1800,5000,750,120,60,0,0,0,0,0,0,0,0,0,0,0,0,0,0,0,0,0,0,0,0,0,0,60,0,0,0,0,0,0,0,0,0,0,0,0,0,0,0,0,0,0,0,0,0,0,0,0,0,0,0,0,0,0,0,0,0,0,0,0,0,0,0,0,0,0,0,0,0,0,0,0,0,0,0,0,0,0,0,0,0,0,0,0,800,3500,0,280,120,4000,8000,0,250,120,15000,800,0,0,0,0,0,0,0,0,0,0,120,0,0,0,0,0,0,200,0,500,2000,800,1500,80,0,30,0,0,0,0,0,0,0,0,0,0,0,0,0,0,0,0,0,0,0,0,10,0,100,300,0,20,150,0,0,0,0,0,0,0,0,0,0,0,0,0,0,0,0,0,0,0,0,0,0,0,0,0,0,0,0,0,0,0,0,0,0,0,0,0,0,0,0,0,0,0,0,0,0,0,0,0,0,0,0,0,0,0,0,0,0,0,0,0,0,0,0,0,0,0,0,0,0,0,0,0,0,0,0,0,0,0,0,0,0,0,0,0,0,0,0,0,0,0,0,0,0,0,0,0,0,0,0,0,0,0,0,0,0,0,0,0,0,0,0,0,0,0,0,0,0,0,0,0,0,0,0,0,0,0,0,0,0,75553,0,0,0,0.9992938,0
584201,1091949,1010,0,0,0,0,0,0,0,0,0,0,0,0,0,0,0,0,0,0,0,0,0,0,0,0,0,0,0,0,0,0,0,0,0,0,0,0,0,0,0,0,0,0,0,0,0,0,0,0,0,0,0,0,0,0,0,0,0,0,0,0,0,0,0,0,0,0,0,0,0,0,0,0,0,0,0,0,0,0,0,0,0,0,0,0,0,0,0,0,0,0,0,0,0,0,0,0,0,0,0,0,0,0,0,0,0,0,0,0,0,0,0,0,0,0,0,0,0,0,0,0,0,0,0,0,0,0,0,0,0,0,0,0,0,0,0,0,0,0,0,0,0,0,0,0,0,0,0,0,0,0,0,0,0,0,0,0,0,0,0,0,0,0,0,0,0,0,0,0,0,0,0,0,0,0,0,0,0,0,0,0,0,0,0,0,0,0,0,0,0,0,0,0,0,0,0,0,0,0,0,0,0,0,0,0,0,0,0,0,0,0,0,0,0,0,0,0,0,0,0,0,0,0,0,0,0,0,0,0,0,0,0,0,0,0,0,0,0,0,0,0,0,0,0,0,0,0,0,0,0,0,0,0,0,0,0,0,0,0,0,0,0,0,0,0,0,0,0,0,0,0,0,0,0,0,0,0,0,0,0,0,0,0,0,0,0,0,0,0,0,0,0,0,0,0,0,0,0,0,0,0,0,0,0,0,0,0,0,0,0,0,0,0,0,0,0,0,0,0,0,0,0,0,0,0,0,0,0,0,0,0,0,0,0,0,0,0,0,0,0,0,0,0,0,0,0,0,0,0,0,0,0,0,0,0,0,0,0,0,0,0,0,0,0,0,0,0,0,0,0,0.9997693,0
567996,1076124,1011,0,0,0,0,0,0,0,0,0,0,0,0,0,0,0,0,0,0,0,348,612,643,1036,6872,6728,0,0,0,0,0,0,0,0,0,0,0,0,0,0,0,0,0,0,0,0,0,0,0,0,0,0,576,1000,1036,852,1280,1748,3673,5287,5296,0,0,0,0,0,0,0,0,0,0,0,0,0,0,0,0,0,0,0,0,0,0,0,1248,1612,3476,5428,4780,2852,0,0,0,0,0,0,0,0,0,0,0,0,0,0,0,0,0,0,0,0,0,0,0,0,0,0,0,0,0,0,0,0,0,0,0,0,0,0,0,0,0,0,0,0,0,0,0,0,0,0,0,0,0,0,0,0,0,0,0,0,0,0,0,0,0,287,0,0,0,0,0,0,0,0,0,548,0,877,1000,1680,0,0,0,0,0,0,0,0,0,0,0,0,0,0,0,0,0,0,0,0,0,0,0,0,0,0,0,0,0,0,0,0,0,0,0,0,0,0,0,0,0,0,0,0,0,0,0,0,0,0,0,0,0,0,0,0,0,0,0,0,0,0,0,0,0,0,0,0,0,0,0,0,0,0,0,0,0,0,0,0,0,0,0,0,0,0,0,0,0,0,0,0,0,0,0,0,0,0,0,0,0,0,0,0,0,0,0,0,0,0,0,0,0,0,0,0,0,0,0,0,0,0,0,0,0,0,0,0,0,0,0,0,0,0,0,0,0,0,0,0,0,0,0,0,0,0,0,0,0,0,0,0,0,0,0,0,0,0,0,0,0,0,0,0,0,0,0,0,0,0,0,0,0,0,0,0,0,0,0,0,0,0,0,0,0,0,0,0,0,0,0,0,0,0,0,0,60775,0,0,0,0.9995491,0
575925,1087283,1012,0,0,0,0,0,0,0,0,0,0,0,0,0,0,0,0,0,0,0,0,0,0,0,0,0,0,0,0,0,0,0,0,0,0,0,0,0,0,0,0,0,0,0,0,0,0,0,0,0,0,0,0,0,0,0,0,0,0,0,0,0,0,0,0,0,0,0,0,0,0,0,0,0,0,0,0,0,0,0,0,0,0,0,0,0,0,0,0,0,0,0,0,0,0,0,0,0,0,0,0,0,0,0,0,0,0,0,0,0,0,0,0,0,0,0,0,0,0,0,0,0,0,0,0,0,0,0,0,0,0,0,0,0,0,0,0,0,0,0,0,0,0,0,0,0,0,0,0,0,0,0,0,0,0,0,0,0,0,2,5,27,62,128,83,47,29,6,0,0,0,0,0,0,0,0,0,0,0,0,0,0,0,0,0,0,0,0,0,0,0,0,0,0,0,0,0,0,0,0,0,0,0,0,0,0,0,0,0,0,0,0,0,0,0,0,0,0,0,0,0,0,0,0,0,0,0,0,0,0,0,0,0,0,0,0,0,0,0,0,0,0,0,0,0,0,0,0,0,0,0,0,0,0,0,0,0,0,0,0,0,0,0,0,0,0,0,0,0,0,0,0,0,0,0,0,0,0,0,0,0,0,0,0,0,0,0,0,0,0,0,0,0,0,0,0,0,0,0,0,0,0,0,0,0,0,0,0,0,0,0,0,0,0,0,0,0,0,0,0,0,0,0,0,0,0,0,0,0,0,0,0,0,0,0,0,0,0,0,0,0,0,0,0,0,0,0,0,0,0,0,0,0,0,0,0,0,0,0,0,0,0,0,0,0,0,389,0,0,0,0.9996734,0
568839,1081405,1013,0,0,0,0,0,0,0,0,0,0,0,0,0,0,0,0,0,0,0,0,0,0,0,0,0,0,0,0,0,0,0,0,0,0,0,0,0,0,0,0,0,0,0,0,0,0,0,0,0,0,0,0,0,0,0,0,0,0,0,0,0,0,0,0,0,0,0,0,0,0,0,0,0,0,0,0,0,0,0,0,0,0,0,0,0,0,0,0,0,0,0,0,0,0,0,0,0,0,0,0,0,0,0,0,0,0,0,0,0,0,0,0,0,0,0,0,0,0,0,0,0,0,0,0,0,0,0,0,0,0,0,0,0,0,0,0,0,0,0,0,0,0,0,0,0,0,0,0,0,0,0,0,0,0,0,0,0,0,0,0,0,0,0,0,0,0,0,0,0,0,0,0,0,0,0,0,0,0,0,0,0,0,0,0,0,0,0,0,0,0,0,0,0,0,0,0,0,0,0,0,0,0,0,0,0,0,0,0,0,0,0,0,0,0,0,0,0,0,0,0,0,0,0,0,0,0,0,0,0,0,0,0,0,0,0,0,0,0,0,0,0,0,0,0,0,0,0,0,0,0,0,0,0,0,0,0,0,0,0,0,0,0,0,0,0,0,0,0,0,0,0,0,0,0,0,0,0,0,0,0,0,0,0,0,0,0,0,0,0,0,0,0,0,0,0,0,0,0,0,0,0,0,0,0,0,0,0,0,0,0,0,0,0,0,0,0,0,0,0,0,0,0,0,0,0,0,0,0,0,0,0,0,0,0,0,0,0,0,0,0,0,0,0,0,0,0,0,0,0,0,0,0,0,0,0,0,0,0,0,0,0,0,0,0,0,0,0,0,0,0.9995967,0
553946,1073125,1014,0,0,0,0,0,0,0,0,0,0,0,0,0,0,0,0,0,0,0,0,0,0,250,400,200,300,100,0,0,0,0,0,0,0,0,0,0,0,0,0,0,0,0,0,0,0,0,0,0,500,1000,4000,4500,3500,2000,700,300,250,200,150,0,50,40,30,0,0,0,0,0,0,0,0,0,0,0,0,0,0,0,0,0,0,0,0,0,0,0,0,0,0,30,950,1000,1200,1350,0,0,0,0,0,0,0,0,0,0,0,0,0,0,0,0,0,0,0,0,0,0,0,0,0,0,0,0,0,0,42,180,160,130,70,0,0,0,0,0,0,0,0,0,0,0,0,100,150,120,0,0,0,0,0,0,0,0,0,0,0,0,0,0,0,1200,700,600,0,0,0,400,600,3000,2500,1000,600,200,100,2500,2000,1500,1200,300,3800,15,0,0,0,0,0,0,0,0,0,0,0,0,0,0,0,0,3000,5000,4700,6000,14000,0,0,0,0,4000,300,4500,1350,0,0,0,0,0,0,0,0,0,0,0,0,0,0,0,150,175,0,0,0,0,0,0,0,0,0,0,0,0,0,0,0,0,0,0,0,0,0,0,0,0,0,0,0,0,0,0,0,0,0,0,0,0,0,0,0,0,0,0,0,0,0,0,0,0,0,0,0,0,0,0,0,0,0,0,0,0,0,0,0,0,0,0,0,0,0,0,0,0,0,0,0,0,0,0,0,0,0,0,0,0,0,0,0,0,0,0,0,0,0,0,0,0,0,0,0,0,0,0,0,0,0,0,0,0,0,0,0,0,0,0,0,0,0,0,0,0,0,0,0,0,0,0,0,0,0,0,0,0,0,0,0,0,0,0,89342,0,0,0,0.9992018,0
560609,1081144,1015,0,0,0,0,0,0,0,0,0,0,0,0,0,0,0,0,0,0,0,0,0,0,0,0,0,0,0,0,0,0,0,0,0,0,0,0,0,0,0,0,0,0,0,0,0,0,0,0,0,100,600,1200,3000,500,200,150,50,50,40,20,0,0,0,0,0,0,0,0,0,0,0,0,0,0,0,0,0,0,0,0,0,0,0,0,0,0,0,0,0,0,0,300,350,500,550,0,0,0,0,0,0,0,0,0,0,0,0,0,0,0,0,0,0,0,0,0,0,0,0,0,0,0,0,0,0,0,40,80,150,30,0,0,0,0,0,0,0,0,0,0,0,0,0,50,75,0,0,0,0,0,0,0,0,0,0,0,0,0,0,0,0,0,0,0,0,0,200,250,4000,3000,1500,1200,500,150,100,70,400,350,250,3500,12,0,0,0,0,0,0,0,0,0,0,0,0,0,0,0,0,3000,3500,3700,4500,9000,0,0,0,0,3500,150,2600,1050,0,0,0,0,0,0,0,0,0,0,0,0,0,0,0,120,125,0,0,0,0,0,0,0,0,0,0,0,0,0,0,0,0,0,0,0,0,0,0,0,0,0,0,0,0,0,0,0,0,0,0,0,0,0,0,0,0,0,0,0,0,0,0,0,0,0,0,0,0,0,0,0,0,0,0,0,0,0,0,0,0,0,0,0,0,0,0,0,0,0,0,0,0,0,0,0,0,0,0,0,0,0,0,0,0,0,0,0,0,0,0,0,0,0,0,0,0,0,0,0,0,0,0,0,0,0,0,0,0,0,0,0,0,0,0,0,0,0,0,0,0,0,0,0,0,0,0,0,0,0,0,0,0,0,0,54762,0,0,0,0.9993423,0
553394,1079905,1022,0,0,0,0,0,0,0,0,0,0,0,0,0,0,0,0,0,0,0,0,0,0,0,0,300,600,722,3000,0,0,0,0,0,0,0,0,0,0,0,0,0,0,0,0,0,0,0,0,200,320,280,350,3500,3460,0,0,0,0,0,600,0,0,0,0,0,25,0,0,0,0,0,0,0,0,0,0,0,0,0,0,0,0,0,0,18,0,650,310,220,180,0,0,0,0,0,0,0,0,0,0,0,0,0,0,0,0,0,0,0,0,0,0,0,0,0,0,0,0,0,0,0,0,0,0,0,0,0,0,0,0,0,0,0,0,0,0,0,0,0,0,0,0,0,0,0,0,0,0,0,0,0,0,0,0,0,0,0,0,0,0,0,0,0,0,0,0,0,0,200,150,185,5500,180,260,1800,9600,0,0,0,0,0,6500,0,0,0,0,0,0,80,0,0,0,0,0,0,43,72,4600,6200,6300,6700,4200,5600,420,0,0,0,0,0,82,114,0,0,0,0,0,0,0,0,0,0,0,0,0,0,0,0,0,70,26,40,0,0,0,0,0,0,0,0,0,0,0,0,0,0,0,0,0,0,0,0,0,0,0,0,0,0,0,0,0,0,0,0,0,0,0,0,0,0,0,0,0,0,0,0,0,0,0,0,0,0,0,0,0,0,0,0,0,0,0,0,0,0,0,0,0,0,0,0,0,0,0,0,0,0,0,0,0,0,0,0,0,0,0,0,0,0,0,0,0,0,0,0,0,0,0,0,0,0,0,0,0,0,0,0,0,0,0,0,0,0,0,0,0,0,0,0,0,0,0,0,0,0,0,0,0,0,0,0,0,0,0,0,0,0,73657,0,0,0,0.9991035,0
589383,1088204,1028,0,0,0,900,100,60,0,150,0,0,0,0,0,0,0,0,0,0,0,0,0,0,0,0,0,0,0,0,0,0,0,0,0,0,0,0,0,0,0,0,0,0,0,0,0,0,0,0,0,0,0,0,0,0,0,1500,0,0,0,0,0,0,0,0,0,0,0,0,0,0,0,0,0,0,0,0,0,0,0,0,0,0,0,1500,1000,0,0,0,0,650,650,0,0,1000,750,1100,1000,1000,900,0,0,0,0,0,0,0,1270,1360,1260,1309,1260,9060,9097,1020,1500,1470,0,0,0,0,5000,6000,6500,2200,250,250,520,400,220,300,300,0,0,0,0,0,0,0,0,0,0,0,0,0,0,0,0,0,0,0,0,10,0,50,0,0,0,0,0,60,0,0,0,0,25,400,700,0,0,0,0,0,0,150,150,0,0,10,10,0,20,10,0,0,0,0,0,250,20,0,0,20,10,0,20,0,0,0,0,0,0,0,0,0,0,0,0,0,0,0,0,0,0,300,420,0,0,0,0,0,0,0,0,0,350,500,1700,0,3500,0,2000,1700,1800,2500,950,0,0,0,0,0,0,0,0,0,0,0,0,0,0,0,0,0,0,0,0,0,0,0,0,0,0,0,0,0,0,0,0,0,0,0,0,0,0,0,0,0,0,0,0,0,0,0,0,0,0,0,0,0,0,0,0,0,0,0,0,0,0,0,0,0,0,0,0,0,0,0,0,0,0,0,0,0,0,0,0,0,0,0,0,0,0,0,0,0,0,0,0,0,0,0,0,0,0,0,0,0,0,0,0,0,0,0,0,0,0,0,0,0,0,0,0,0,0,0,0,0,0,0,0,0,0,0,0,0,0,80441,0.41825805,0.41825805,0.10138536,0.9997654,0
586823,1088570,1029,0,0,0,200,0,0,40,0,0,0,0,0,0,0,0,0,0,0,0,0,0,0,0,0,0,0,0,0,0,0,0,0,0,0,0,0,0,0,0,0,0,0,0,0,0,0,0,0,0,0,0,0,0,0,0,7000,0,0,0,0,0,0,0,0,0,0,0,0,0,0,0,0,0,0,0,0,0,0,0,0,0,0,0,7000,4000,0,0,0,0,120,120,0,0,200,150,140,130,50,0,0,0,30,0,0,0,0,0,0,0,0,0,0,0,0,0,0,300,0,0,0,0,0,0,2000,0,0,0,0,0,0,0,0,0,0,0,0,0,0,0,0,5000,0,0,0,0,0,0,0,0,0,0,900,0,90,0,0,500,0,15,0,3500,0,0,0,0,2200,110,100,0,0,3000,4800,0,80,2800,0,0,250,380,0,32000,200,0,0,0,150,0,0,0,0,0,0,400,1500,0,0,0,0,0,3200,0,100000,3000,0,0,0,1500,0,300,4000,0,0,0,750,700,800,0,0,0,0,0,0,0,0,0,0,0,0,0,0,0,0,0,0,0,0,0,0,0,0,0,0,0,0,0,0,0,0,0,0,0,0,0,0,0,0,0,0,0,0,0,0,0,0,0,0,0,0,0,0,0,0,0,0,0,0,0,0,0,0,0,0,0,0,0,0,0,0,0,0,0,0,0,0,0,0,0,0,0,0,0,0,0,0,0,0,0,0,0,0,0,0,0,0,0,0,0,0,0,0,0,0,0,0,0,0,0,0,0,0,0,0,0,0,0,0,0,0,0,0,0,0,0,0,0,0,0,0,0,0,0,0,0,0,0,0,0,0,0,0,0,0,0,0,0,193705,0,0,0,0.9961729,0
553232,1066126,1031,0,0,0,6,11,0,0,0,0,0,0,0,0,0,0,0,0,0,0,0,0,8,165,398,183,118,69,62,39,0,0,0,0,0,6,11,0,0,0,0,0,0,0,0,0,0,0,0,25,98,351,1976,3250,2549,2400,1612,0,0,0,365,215,0,0,0,0,0,12,9,4,12,0,0,0,0,0,0,0,0,0,0,0,0,0,0,0,0,0,0,0,0,0,0,35,82,91,25,6,0,0,0,0,0,0,0,0,0,0,0,0,0,0,0,0,0,0,0,0,0,0,0,0,0,0,4,22,8,6,0,0,0,0,0,0,0,0,0,0,0,0,0,0,0,0,0,0,0,0,0,0,0,0,0,0,0,0,29,284,5387,3128,852,756,348,155,87,52,0,0,0,0,856,3597,4897,2568,987,98,658,0,0,3564,3982,5789,8569,3652,0,0,0,0,0,0,0,0,0,0,0,0,56,48,1897,5682,7896,4852,2842,898,251,0,0,0,0,2,0,0,0,0,0,0,0,0,0,0,0,0,0,0,0,0,0,0,0,0,0,0,0,0,0,0,0,0,0,0,0,0,0,0,0,0,0,0,0,0,0,0,0,0,0,0,0,0,0,0,0,0,0,0,0,0,0,0,0,0,0,0,0,0,0,0,0,0,0,0,0,0,0,0,0,0,0,0,0,0,0,0,0,0,0,0,0,0,0,0,0,0,0,0,0,0,0,0,0,0,0,0,0,0,0,0,0,0,0,0,0,0,0,0,0,0,0,0,0,0,0,0,0,0,0,0,0,0,0,0,0,0,0,0,0,0,0,0,0,0,0,0,0,0,0,0,0,0,0,0,0,0,0,0,0,0,88952,0,0,0,0.9992882,0
560271,1066811,1032,0,0,0,0,0,0,0,0,0,0,0,0,0,0,0,0,0,0,0,0,0,0,0,0,0,0,0,0,0,0,0,0,0,0,0,0,0,0,0,0,0,0,0,0,0,0,0,0,0,0,0,0,0,0,2650,986,0,0,0,700,560,0,0,0,0,0,0,0,0,0,0,0,0,0,0,0,0,0,0,0,0,0,0,0,0,0,0,0,0,0,0,0,0,0,0,0,0,0,0,0,0,0,0,0,0,0,0,0,0,0,0,0,0,0,0,0,0,0,0,0,0,0,0,0,0,0,0,0,0,0,0,0,0,0,0,0,0,0,0,0,0,0,0,0,0,0,0,0,0,0,0,0,0,0,0,0,0,0,0,0,0,0,0,0,0,0,0,0,0,0,0,0,0,0,0,0,0,0,0,0,4568,0,0,0,0,0,0,0,0,0,0,0,0,0,0,0,0,0,0,0,2512,2013,0,0,0,0,0,0,0,0,0,0,0,0,0,0,0,0,0,0,0,0,0,0,0,0,0,0,0,0,0,0,0,0,0,0,0,0,0,0,0,0,0,0,0,0,0,0,0,0,0,0,0,0,0,0,0,0,0,0,0,0,0,0,0,0,0,0,0,0,0,0,0,0,0,0,0,0,0,0,0,0,0,0,0,0,0,0,0,0,0,0,0,0,0,0,0,0,0,0,0,0,0,0,0,0,0,0,0,0,0,0,0,0,0,0,0,0,0,0,0,0,0,0,0,0,0,0,0,0,0,0,0,0,0,0,0,0,0,0,0,0,0,0,0,0,0,0,0,0,0,0,0,0,0,0,0,0,0,0,0,0,0,0,0,13989,0,0,0,0.9995637,0
563929,1076660,1033,0,0,0,0,0,0,0,0,0,0,0,0,0,0,0,0,0,0,0,0,0,0,0,0,0,0,0,0,0,0,0,0,0,0,0,0,0,0,0,0,0,0,0,0,0,0,0,0,0,0,0,0,0,0,0,0,0,0,0,0,0,0,0,0,0,0,0,0,0,0,0,0,0,0,0,0,0,0,0,0,0,0,0,0,0,0,0,0,0,0,0,0,0,0,0,0,0,0,0,0,0,0,0,0,0,0,0,0,0,0,0,0,0,0,0,0,0,0,0,0,0,0,0,0,0,0,0,0,0,0,0,0,0,0,0,0,0,0,0,0,0,0,0,0,0,0,0,0,0,0,0,0,0,0,0,0,0,0,0,0,0,0,0,0,0,0,0,0,0,0,0,0,0,0,0,0,0,0,0,0,0,0,0,0,0,0,0,0,0,0,0,0,0,0,0,0,0,0,0,0,0,0,0,0,0,0,0,0,5,0,0,0,0,0,0,0,0,0,0,0,0,0,0,0,0,0,0,0,0,0,0,0,0,0,0,0,0,0,0,0,0,0,0,0,0,0,0,0,0,0,0,0,0,0,0,0,0,0,0,0,0,0,0,0,0,0,0,0,0,0,0,0,0,0,0,0,0,0,0,0,0,0,0,0,0,0,0,0,0,0,0,0,0,0,0,0,0,0,0,0,0,0,0,0,0,0,0,0,0,0,0,0,0,0,0,0,0,0,0,0,0,0,0,0,0,0,0,0,0,0,0,0,0,0,0,0,0,0,0,0,0,0,0,0,0,0,0,0,0,0,0,0,0,0,0,0,0,0,0,0,0,0,0,0,0,5,0,0,0,0.9995457,0
549285.3996,1028493.911,1036,22,126,92,88,32,22,0,68,82,112,86,126,48,43,30,54,230,320,54,36,42,0,82,42,36,46,54,38,44,55,42,18,24,44,56,21,26,42,28,0,0,0,32,8,12,8,14,24,18,16,22,22,18,20,218,422,35,25,37,46,154,76,6,220,210,220,246,186,42,0,0,0,0,0,0,42,0,0,85,123,240,58,0,0,148,210,183,123,78,76,0,0,0,0,0,0,0,0,0,0,0,0,0,0,0,0,0,0,0,0,0,0,0,0,0,0,0,3,4,17,14,0,4,0,0,8,3,6,3,5,10,14,6,12,4,8,0,2,5,18,22,7,5,16,0,18,26,14,20,10,18,24,14,8,20,24,12,6,24,16,13,24,26,8,16,12,16,15,8,16,18,26,16,0,28,11,13,10,5,24,14,12,0,8,12,6,12,0,6,12,14,4,8,0,2,46,0,14,12,30,16,852,1256,320,158,142,64,148,16,32,16,52,120,90,36,126,94,62,8,22,24,28,120,520,986,640,1200,15000,8250,8200,420,1376,956,816,178,64,95,870,870,270,54,52,36,14,21,20,18,6,3,5,24,32,1200,214,454,4212,1220,0,54,136,54,36,10,14,6,10,14,21,6,0,26,0,8,8,16,8,4,4,6,0,10,5,0,10,5,3,10,6,5,0,12,16,5,18,28,16,0,10,28,12,26,12,8,14,12,6,8,2,25,24,18,12,54,42,28,26,15,42,24,21,32,26,14,0,12,21,14,12,18,0,42,8,6,18,24,36,52,48,54,42,38,46,32,14,100,150,200,826,424,192,54,86,82,42,25,120,46,76,24,56,24,64,18,56,178,63710,0.42061393,0.42061393,0.4273999,0.9996419,0.033409114
559376.5369,1038970.933,1037,0,0,0,0,0,0,0,0,0,0,0,0,0,0,0,0,0,0,16,30,48,0,0,0,0,10000,1050,350,4500,0,0,0,0,0,0,0,0,0,0,0,0,0,0,0,0,0,0,0,0,0,0,0,0,8,0,0,0,0,0,0,0,0,0,0,0,0,0,0,0,0,0,0,0,0,0,0,0,0,0,0,0,0,10000,3000,0,0,0,0,0,0,0,0,0,0,0,0,0,0,0,0,0,0,0,0,0,0,0,0,0,0,0,0,15,7,3,0,0,0,0,0,0,0,0,0,0,0,0,0,0,0,0,0,0,0,0,0,0,0,0,0,0,0,0,0,0,0,0,0,0,0,0,0,0,0,0,0,0,0,0,0,0,0,0,0,0,0,0,0,0,0,0,0,5,0,0,0,7,0,10,0,0,0,0,0,0,0,0,0,0,0,0,0,0,0,0,0,0,0,0,766,1150,2300,80,102,105,70,25,0,0,0,0,6500,3500,1100,180,1200,85,0,0,0,0,0,155,0,260,6500,7000,10000,12500,13000,1500,250,43,0,0,0,0,0,0,0,0,0,0,0,0,0,0,0,0,0,0,0,0,0,30,430,40,0,0,0,0,0,0,0,0,0,0,26,110,200,0,0,0,0,0,0,0,0,0,0,0,0,0,0,0,0,0,270,120,13,30,0,0,0,0,0,0,150,0,0,0,0,0,0,0,0,0,0,0,0,0,0,0,0,0,0,0,0,0,0,0,0,0,0,0,0,0,0,0,0,0,0,0,0,0,0,0,0,0,0,0,0,0,0,0,0,0,0,0,0,0,0,0,0,0,0,0,0,0,0,0,0,0,0,0,98839,0.58881458,0.58881458,0.49510244,0.9995867,0.006052547
550663.2421,1021203.975,1038,12,86,146,210,48,38,0,124,54,96,120,180,34,78,28,42,320,438,32,48,52,0,24,32,40,58,70,54,62,42,36,24,36,52,68,17,28,34,52,0,0,0,8,12,22,18,10,16,20,12,8,16,24,14,38,50,46,34,30,46,154,76,6,220,210,220,246,186,42,0,0,0,0,0,0,42,0,0,85,123,240,58,0,0,148,210,183,123,78,76,0,0,0,0,0,0,0,0,0,0,0,0,0,0,0,0,0,0,0,0,0,0,0,0,0,0,0,3,4,17,14,0,4,0,0,8,3,6,3,5,10,14,6,12,4,8,0,2,5,18,22,7,5,16,0,18,26,14,20,10,18,24,14,8,20,24,12,6,24,16,13,24,26,8,16,12,16,15,8,16,18,26,16,0,28,11,13,10,5,24,14,16,0,6,16,24,18,0,12,18,12,8,5,0,3,68,0,54,34,25,44,254,528,84,124,240,36,62,18,14,8,14,26,34,12,56,120,54,36,26,12,45,216,480,620,420,118,524,1220,624,570,268,36,44,412,48,74,1240,1240,262,28,22,40,6,14,12,6,12,0,152,98,136,2850,120,280,2720,4820,230,182,124,216,56,14,8,12,18,24,16,21,0,16,6,11,18,8,14,8,12,4,12,7,0,4,6,8,5,0,0,17,16,13,28,22,12,26,20,12,18,14,21,16,24,12,20,24,0,4,0,14,5,21,8,32,46,24,32,20,45,28,32,46,36,46,12,20,14,20,15,21,1,14,24,29,21,16,42,14,0,0,18,24,36,48,28,120,170,250,216,182,114,156,92,150,68,56,72,56,48,76,30,54,24,44,120,262,33323,0.13269054,0.13269054,0.15314144,0.9998196,0.089791962
552401.0655,1054250.582,1039,16,14,0,3,0,0,0,0,0,0,0,0,0,0,0,0,0,670,0,24,76,479,0,0,0,246,210,216,67,0,0,0,0,0,0,0,0,0,0,5,0,0,0,0,0,0,0,0,0,119,320,426,523,372,0,114,67,34,26,20,16,14,32,0,0,96,0,0,0,0,0,0,0,0,0,0,0,0,0,0,0,0,0,0,0,0,130,78,0,0,0,0,0,0,0,0,0,0,0,0,0,0,0,0,0,0,0,0,0,0,0,0,0,0,0,0,0,0,0,0,0,0,0,0,0,0,0,23,0,0,0,0,0,0,0,0,0,0,0,0,0,0,0,0,0,0,0,0,0,0,167,143,33,0,0,0,0,0,0,0,0,0,27,0,0,0,0,0,364,260,2375,2950,1300,3647,1335,1457,150,80,32,0,0,431,71,67,47,38,6,0,0,0,0,0,0,0,0,0,0,240,1460,2735,1600,3525,2154,472,1417,1734,96,0,0,47,34,156,0,278,8,0,0,0,0,0,0,18,0,42,14,12,38,47,123,27,42,8,0,0,0,0,0,7,7,9,7,16,57,0,0,0,0,0,0,0,0,0,0,0,0,7,0,116,274,14,0,36,0,0,0,0,0,0,0,0,0,0,62,62,6,0,4,0,0,0,0,0,0,0,0,0,0,0,21,18,24,0,7,0,0,74,236,452,382,16,0,0,0,0,0,0,0,0,0,0,0,0,0,0,0,374,67,0,0,0,0,0,0,0,0,0,0,0,0,0,0,0,0,0,22,0,0,0,0,0,0,18,0,0,0,0,0,0,0,468,363,114,27,0,0,0,0,0,0,0,0,16,0,0,0,39126,0,0,0,0.9995246,0
554130.0129,1034740.199,1040,0,0,0,0,0,0,0,0,0,0,0,0,0,0,0,0,0,0,25,105,35,0,0,0,0,20000,7000,120,7000,0,0,0,0,0,0,0,0,0,0,0,0,0,0,0,0,0,0,0,0,0,0,0,0,12,0,0,0,0,0,0,0,0,0,0,0,0,0,0,0,0,0,0,0,0,0,0,0,0,0,0,0,0,10000,3000,0,0,0,0,0,0,0,0,0,0,0,0,0,0,0,0,0,0,0,0,0,0,0,0,0,0,0,0,15,7,3,0,0,0,0,0,0,0,0,0,0,0,0,0,0,0,0,0,0,0,0,0,0,0,0,0,0,0,0,0,0,0,0,0,0,0,0,0,0,0,0,0,0,0,0,0,0,0,0,0,0,0,0,0,0,0,0,0,5,0,0,0,7,0,10,0,0,0,0,0,0,0,0,0,5,12,0,0,0,100,125,0,0,125,535,1600,2100,500,30,5,5,0,0,0,0,0,0,5000,2000,850,150,1500,120,0,0,0,0,0,205,0,300,5000,5500,6500,15000,25000,350,300,50,15,0,0,0,0,0,0,0,0,0,0,0,0,0,0,0,0,0,0,0,0,50,350,55,0,0,0,0,0,0,0,0,0,0,50,92,120,23,0,0,0,0,0,0,0,0,0,0,0,0,0,0,0,0,300,100,12,50,0,0,0,0,0,0,100,0,0,0,0,0,0,0,0,0,0,0,0,0,0,0,0,0,0,0,0,0,0,3,0,0,0,0,0,0,0,0,0,0,0,0,0,0,0,0,0,0,0,0,0,0,0,0,0,0,0,0,0,0,0,0,0,0,0,0,0,0,0,0,0,0,0,0,121631,0.72412277,0.72412277,0.56040234,0.9992906,0.011331171
556992.5906,1049985.118,1041,118,942,174,75,47,0,0,0,0,0,0,0,0,0,0,0,966,0,0,450,420,0,0,0,0,157,58,94,9,45,21,34,96,53,0,0,0,0,0,0,0,0,0,0,0,0,0,0,0,0,0,0,0,574,0,134,40,45,17,20,16,14,32,0,0,96,0,0,0,0,0,0,0,0,0,0,0,0,0,0,0,0,0,0,0,0,130,78,0,0,0,0,0,0,0,0,0,0,0,0,0,0,0,0,0,0,0,0,0,0,0,0,0,0,0,0,0,0,0,0,0,0,0,0,0,0,0,23,0,0,0,0,0,0,0,0,0,0,0,0,0,0,0,0,0,0,0,0,0,0,167,143,33,0,0,0,0,0,0,0,0,0,27,0,0,0,0,0,364,260,2375,2950,1300,3647,1335,1457,150,80,32,0,0,0,0,0,0,0,0,0,0,0,0,0,0,0,0,0,0,0,0,0,0,0,0,0,0,0,0,0,0,0,0,0,31,0,0,0,0,0,0,0,0,0,0,14,2,18,76,84,43,76,14,3,0,0,0,0,0,12,12,4,27,10,12,0,0,0,0,0,0,0,0,0,0,0,0,0,16,126,94,0,0,0,0,0,0,0,0,0,0,0,0,57,0,0,0,0,0,0,0,0,0,0,0,0,0,0,0,0,0,0,0,0,0,18,37,52,172,176,154,42,0,0,0,0,0,0,0,0,0,0,0,0,0,0,0,945,0,0,0,0,0,0,0,0,0,0,0,0,0,0,0,0,0,0,0,0,0,0,0,0,0,0,0,0,0,0,0,0,0,170,894,16,171,4,0,0,0,0,0,0,0,0,0,0,0,22880,0.01755823,0.01755823,0,0.9996747,0.008520754
562443.3853,1026776.938,1042,0,0,0,0,0,0,0,42,41,35,30,11,0,0,31,0,0,65,23,24,900,83,480,362,230,15,13,18,65,29,30,45,46,0,0,52,45,38,29,34,0,18,0,0,0,0,0,0,0,0,0,0,0,11,0,0,87,46,35,25,9,15,0,17,6,9,5,3,0,0,0,0,0,0,0,6,0,0,0,8,15,18,130,210,0,0,0,0,0,5,0,0,6,12,0,0,0,0,4,0,3,7,0,0,0,0,0,0,0,0,0,0,0,0,0,0,0,0,0,0,0,0,0,8,10,3,17,0,20,16,0,0,11,19,0,0,0,0,0,41,450,600,800,30,12,0,19,150,63,52,36,36,32,10,34,15,12,9,13,8,20,93,11,9,7,9,0,36,16,13,9,7,16,0,13,0,483,846,52,26,0,0,0,0,0,0,0,0,15,0,0,0,0,0,0,0,0,0,0,0,35,13,48,20,12,0,0,0,0,7,2,10,10,0,37,35,43,0,0,0,0,83,0,72,45,354,2900,6000,360,4000,8000,780,89,73,65,231,67,70,0,54,32,0,27,21,0,0,0,0,0,0,0,62,115,23,41,37,850,86,82,70,58,73,48,0,0,0,0,0,0,0,0,0,0,0,0,0,9,0,16,13,12,12,16,21,38,20,19,43,9,21,16,0,0,8,13,0,0,8,0,0,0,26,23,20,15,17,0,0,0,0,0,0,0,0,1,0,0,0,0,0,8,37,32,13,5,5,24,19,24,0,21,18,12,18,9,31,36,29,41,76,58,21,21,11,27,8,7,7,11,40,19,43,121,57,19,24,0,5,17,19,28,27,28,17,21,34383,0.37369307,0.37369307,0.3712714,0.9998973,0
563869.2241,1038718.917,1043,0,0,0,0,0,38,0,0,0,0,0,0,0,0,0,0,1000,786,315,500,1478,0,0,0,0,0,40,0,0,0,0,0,0,0,0,0,0,0,0,0,0,0,0,0,0,0,0,0,0,0,0,0,0,0,0,0,0,0,0,0,0,0,0,0,0,0,0,0,0,0,0,0,0,0,0,0,0,0,9,11,15,19,27,36,45,120,0,0,0,0,0,0,0,0,0,0,0,0,0,0,0,0,0,0,0,0,0,0,0,0,0,0,0,0,0,0,0,0,0,0,0,0,0,0,0,0,0,0,0,0,0,0,0,0,0,0,0,0,0,0,0,0,0,0,0,0,0,0,0,0,27,48,56,0,0,0,0,0,0,0,0,0,0,0,0,0,0,0,0,26,39,15,12,0,0,26,26,19,24,0,5,0,5,0,0,0,0,0,0,0,0,0,0,0,0,0,0,0,0,0,0,1237,3434,230,0,0,0,0,0,0,0,0,0,1430,624,100,0,0,0,0,0,0,0,0,1237,250,1200,1450,3900,296,343,4500,120,450,0,0,0,0,0,0,0,0,0,0,0,0,0,0,0,0,0,0,0,0,0,0,1350,364,25,0,220,0,10,0,0,0,0,0,0,0,0,0,0,0,0,0,0,0,0,0,0,0,0,0,0,0,0,0,0,0,0,0,0,0,0,0,0,0,0,0,0,0,0,0,0,0,0,0,0,0,0,0,0,0,0,0,0,0,0,0,0,0,0,0,0,0,0,0,0,0,0,0,0,0,0,0,0,0,0,0,0,0,0,0,0,0,0,0,0,0,0,0,0,2,0,0,0,0,0,0,0,0,0,0,0,27539,0.24943439,0.24943439,0.25139278,0.9998638,0
569101.7958,1025902.119,1044,13,25,0,0,17,23,13,19,15,0,7,5,0,0,23,453,850,350,15,37,1600,320,18,13,7,80,17,11,52,17,15,48,25,42,0,64,38,32,26,23,0,13,0,0,0,0,0,0,0,0,0,0,0,7,0,0,76,75,54,25,9,15,0,17,6,9,5,3,0,0,0,0,0,0,0,6,0,0,0,8,15,18,130,210,0,0,0,0,0,5,0,0,6,12,0,0,0,0,4,0,3,7,0,0,0,0,0,0,0,0,0,0,0,0,0,0,0,0,0,0,0,0,0,8,10,3,17,0,20,16,0,0,11,19,0,0,0,0,0,41,450,600,800,30,12,0,19,150,63,52,36,36,32,10,34,15,12,9,13,8,20,93,11,9,7,9,0,36,16,13,9,7,16,0,13,0,483,846,52,26,0,18,0,0,250,500,0,0,9,0,19,23,27,29,120,136,0,38,22,21,29,36,43,12,7,8,4,0,0,9,6,5,6,0,43,52,65,0,36,31,23,146,0,86,82,325,3000,5600,256,2500,4500,450,66,57,31,46,36,34,36,23,16,0,16,17,0,0,0,0,0,0,0,56,110,17,26,26,550,63,170,64,52,0,43,0,0,0,0,0,0,0,0,0,0,0,0,0,6,0,9,5,5,9,5,16,26,52,12,17,0,0,0,0,0,3,4,0,0,6,0,0,0,17,19,12,9,11,0,0,0,8,9,0,0,5,9,7,15,5,6,0,21,34,29,21,12,12,23,13,17,0,16,13,9,13,21,36,53,32,37,67,64,15,18,9,18,9,3,4,5,31,13,27,36,52,26,13,0,6,6,7,23,0,24,7,22,30594,0.32983178,0.32983178,0.3184198,0.9999575,0
581188.2597,1033552.544,1045,0,0,0,0,0,0,0,0,0,17,0,0,0,0,0,30,250,4800,550,2700,7200,1200,700,500,320,260,220,150,120,0,0,0,0,0,0,0,0,0,0,0,0,0,0,0,0,0,0,0,0,0,0,0,0,9,0,25,32,46,0,16,0,0,0,0,0,0,0,0,0,0,0,0,0,0,0,0,0,0,9,11,15,19,27,36,45,120,0,0,0,0,0,0,0,0,0,0,0,0,0,0,0,0,0,0,0,0,0,0,0,0,0,0,0,0,0,0,0,0,0,0,0,0,0,0,0,0,0,0,0,0,0,0,0,0,0,0,0,0,0,0,0,0,0,0,0,0,0,0,0,0,27,48,56,0,0,0,0,0,0,0,0,0,0,0,0,0,0,0,0,26,39,15,12,0,0,26,26,19,24,0,5,0,0,63,9,17,0,0,0,0,0,0,0,66,25,0,0,0,0,0,21,221,1400,870,340,265,96,85,25,0,16,25,29,16,28,55,15,9,0,0,0,0,0,0,65,1500,4350,12900,7500,20000,4500,3800,1800,960,750,500,90,65,0,60,63,52,25,16,0,0,0,0,0,22,39,44,15,0,2600,4800,5200,560,210,190,120,90,150,75,0,0,0,0,0,0,0,0,0,0,0,0,0,0,0,0,12,0,0,0,0,22,26,0,16,0,0,0,0,0,0,0,0,0,0,0,0,0,0,0,0,0,0,0,0,0,0,0,0,0,0,0,0,0,0,0,0,11,7,0,0,0,0,0,0,0,0,0,0,0,0,0,0,0,0,0,0,0,0,0,0,0,0,60,16,0,0,0,0,28,17,0,0,0,0,0,0,0,0,0,0,96772,0.62852904,0.62852904,0.5922455,0.9997651,0
581394.9775,1025596.226,1046,26,18,12,9,11,9,0,16,15,12,9,10,0,12,8,0,32,980,1690,2460,675,180,97,69,37,18,12,7,4,0,0,9,5,10,7,54,0,2,5,7,0,0,0,0,0,0,0,0,0,0,0,0,0,13,0,17,0,0,0,0,0,0,0,0,0,0,0,0,0,0,0,0,0,0,0,0,0,0,0,0,0,0,3,0,16,18,0,0,0,0,0,0,0,0,0,0,0,0,0,0,0,0,0,0,0,0,0,0,0,0,0,0,0,0,0,0,0,0,0,0,28,0,0,0,0,0,0,0,0,0,0,0,0,0,0,0,0,0,0,0,0,0,0,0,0,0,0,0,0,0,0,0,0,0,0,0,0,0,0,0,0,3,0,9,12,6,13,9,11,0,0,0,21,0,15,0,10,13,9,7,0,7,0,4,7,2,0,0,3,0,0,3,2,5,8,0,0,8,12,0,12,38,24,78,197,108,136,0,27,32,25,22,19,24,16,11,8,8,0,0,4,9,5,16,22,950,2800,1750,1586,5790,8256,1256,870,528,387,198,35,27,36,29,24,18,16,12,9,6,8,3,0,15,19,28,198,658,1628,2782,5600,8920,720,197,86,75,37,28,19,0,0,0,0,0,0,0,0,0,0,0,0,3,0,0,6,5,8,12,9,5,13,19,15,12,9,0,0,0,4,0,4,0,0,0,0,0,0,0,5,0,0,0,0,0,0,0,16,0,0,0,13,8,10,7,6,12,9,0,5,0,10,0,0,2,0,0,0,0,0,0,5,0,0,4,0,0,0,5,0,5,8,6,13,9,12,5,12,19,15,9,7,0,0,0,1,0,0,0,9,53637,0.37039135,0.37039135,0.37118834,0.9999179,0
577102.3942,1045373.446,1047,0,0,0,17,12,0,0,0,0,0,0,0,0,84,0,0,0,5100,4600,100,218,115,0,0,218,98,65,197,36,4,2,0,0,21,15,25,0,69,2,0,0,0,0,0,0,0,0,0,0,0,0,0,0,0,23,6,0,0,0,0,0,0,0,0,0,0,0,0,0,0,1,0,0,0,0,0,2,0,0,0,0,0,23,0,0,0,0,0,0,0,0,0,0,0,0,0,0,0,0,0,0,0,0,0,0,0,0,0,0,0,0,0,0,0,0,0,0,0,0,0,0,0,0,0,0,0,0,0,0,0,0,0,0,0,0,0,0,0,0,0,0,0,0,0,0,0,0,0,0,0,0,0,0,0,0,0,0,0,0,0,0,0,0,4,0,16,32,18,0,0,0,0,34,71,98,100,0,0,48,108,174,78,38,0,0,0,17,9,14,19,0,0,27,13,20,11,9,0,0,17,18,9,0,37,10,15,16,9,6,11,18,20,26,260,100,150,120,74,18,12,80,20,6,9,18,38,26,160,160,260,500,220,240,100,35,22,27,18,12,12,22,22,11,0,0,0,0,0,0,0,0,0,0,0,0,0,0,0,0,0,38,51,81,68,62,0,37,0,0,0,0,0,0,0,0,0,0,0,0,0,10,0,0,0,0,0,0,0,0,0,8,0,0,0,0,0,0,0,0,0,0,0,0,0,0,0,0,0,0,0,0,0,0,0,0,0,0,0,0,0,0,0,0,0,0,0,0,0,0,0,0,0,0,0,0,0,0,0,0,0,0,0,0,0,0,0,0,0,0,0,0,0,0,0,0,0,0,0,0,0,600,0,0,0,0,15930,0.38460548,0.38460548,0.04030607,0.9999438,0
589774.8145,1051835.585,1048,0,0,0,4,8,12,8,8,0,0,15,6,12,70,0,0,0,100,50,120,55,22,0,0,22,75,16,24,25,3,1,0,0,18,20,15,0,195,8,0,25,0,0,0,0,0,0,0,0,0,0,0,0,0,3,6,5,0,0,8,22,0,6,5,0,0,4,0,0,0,3,0,0,4,0,8,7,0,0,0,0,0,0,0,0,0,0,0,0,0,0,0,0,0,0,0,0,0,0,0,0,0,0,0,0,0,0,0,0,0,0,0,0,0,0,0,0,0,0,0,0,0,0,0,0,0,0,0,0,0,0,0,0,0,0,0,0,0,0,0,0,0,0,0,0,0,3,5,0,0,6,0,8,15,0,0,0,22,0,12,8,13,0,1500,0,300,6,50,0,0,0,0,200,42,20,16,0,0,2000,1000,500,0,4,0,0,0,4,3,0,6,0,0,12,10,12,4,7,0,0,4,18,0,2000,1500,3000,120,12,6,55,22,500,50,26,260,100,150,120,74,18,12,80,20,6,9,18,38,26,160,160,260,500,220,240,100,35,22,27,18,12,12,22,22,14,6,0,0,0,0,24,3,4,2,0,18,26,35,0,2,32,7,4,8,3,12,0,100,40,32,18,8,0,10,8,0,2,5,4,8,100,0,6,55,10,8,3,2,0,1500,0,0,17,0,12,9,0,20,15,25,1,7,0,0,6,4,4,11,6,5,6,22,16,53,4,3,3,6,12,6,4,30,32,25,17,8,11,6,0,12,7,20,7,4,8,6,0,0,25,40,100,42,24,28,16,34,28,13,0,8,55,200,300,100,400,7,0,4,0,16,32,40,0,100,30,0,0,21091,0.04603088,0.04603088,0.04909805,0.9999819,0
567738.9563,1043484.217,1049,0,0,0,15,10,6,11,15,0,0,12,0,15,18,0,0,0,300,220,95,200,96,0,0,14,26,17,58,29,30,12,0,0,15,8,10,0,0,28,0,10,0,0,0,0,0,0,0,0,0,0,0,0,0,10,20,60,0,0,10,0,5,4,2,0,0,0,0,0,0,0,0,0,12,0,0,0,3,0,0,0,0,0,0,0,0,0,0,0,0,0,0,0,0,0,0,0,0,0,0,0,0,0,0,0,0,0,0,0,0,0,0,0,0,0,0,0,0,0,0,0,0,0,0,0,0,0,0,0,0,0,0,0,0,0,0,0,0,0,0,0,0,0,0,0,0,6,10,0,0,9,0,200,32,18,0,0,14,170,80,320,20,0,10,0,8,6,120,0,0,0,0,8,12,1200,1000,0,0,12,420,600,180,80,0,0,0,32,220,190,22,0,0,5,8,0,8,10,0,0,260,280,80,60,40,30,25,20,16,26,40,20,16,26,260,100,150,120,74,18,12,80,20,6,9,18,38,26,160,160,260,500,220,240,100,35,22,27,18,12,12,22,22,20,18,0,0,0,0,12,0,80,16,20,16,40,10,15,8,5,14,12,8,40,20,8,10,42,12,6,2,0,18,11,0,6,60,140,80,16,0,80,6,30,8,12,8,0,20,0,0,20,0,21,8,6,7,4,12,12,16,0,16,4,6,6,9,0,3,2,7,8,40,22,6,6,6,4,0,6,8,6,4,6,4,0,20,0,5,6,0,2,12,10,2,0,0,2,0,0,2,2,0,4,0,0,0,0,8,2,0,6,4,0,55,4,2,0,2,4,4,5,6,2,0,0,11491,0.38272175,0.38272175,0.16359629,0.9998923,0
565203.8969,1047936.978,1050,0,0,0,0,0,0,0,0,0,0,0,0,0,0,0,0,0,0,0,0,0,0,0,0,0,0,0,0,0,0,0,0,0,0,0,0,0,0,0,0,0,0,0,0,0,0,0,0,0,0,0,0,0,0,0,0,0,0,0,0,0,18,0,0,0,0,0,0,0,0,0,0,0,0,0,0,0,0,0,0,0,0,0,0,0,0,0,0,0,0,0,0,0,0,0,0,0,0,0,0,0,0,0,0,0,0,0,0,0,0,0,0,0,0,0,0,0,0,0,0,0,0,0,0,0,0,0,0,0,0,0,0,0,0,0,0,0,0,0,0,0,0,0,0,0,0,0,0,0,0,0,0,0,0,0,0,0,0,239,0,0,0,0,0,0,0,0,0,0,0,0,0,0,0,563,0,0,0,0,0,0,0,6000,0,0,0,192,302,159,59,0,0,0,621,806,321,2497,0,0,250000,5397,1056,6359,196,0,0,24,50,0,355,0,0,0,78,2095,42,31,32,0,0,0,0,435,211,150,0,0,355,367,370,0,0,0,0,3300,1700,1320,1056,0,0,0,0,0,0,0,0,0,0,0,0,0,0,0,0,0,5700,0,0,0,0,0,0,0,0,0,0,0,0,0,0,0,0,0,0,0,0,0,0,0,0,0,0,0,0,0,0,0,0,0,0,0,0,0,0,0,0,0,0,0,0,0,0,0,0,0,0,0,0,0,0,0,0,80,3750,3750,192,0,0,0,435,421,0,0,0,0,0,0,0,0,0,0,139,0,66,0,0,0,0,0,66,236,2634,0,0,0,0,0,0,219,0,0,0,0,0,0,536,397,0,0,1039,869,1973,1691,0,0,310949,0,0,0,0.9783601,0
563583.4199,1052416.329,1051,0,0,0,0,0,0,0,0,0,0,0,0,15,35,0,0,0,0,0,0,0,0,0,0,0,0,0,0,0,0,0,0,0,0,0,0,0,0,0,0,0,0,0,0,0,0,1370,350,410,450,0,0,0,0,0,0,0,0,0,0,0,0,0,0,0,0,0,0,0,0,0,0,0,0,0,0,0,0,0,0,0,0,0,0,0,0,0,0,0,0,0,0,0,0,0,0,0,0,0,0,0,0,0,0,0,0,0,0,0,0,0,0,0,0,0,0,0,0,0,0,0,0,0,0,0,0,0,0,0,0,0,0,0,0,0,0,0,0,0,0,0,0,0,0,0,0,475,235,1250,835,3350,0,0,0,0,0,0,0,46000,0,0,0,0,0,0,0,0,0,0,0,0,0,0,0,200,0,0,0,0,0,0,0,0,0,0,0,735,1350,0,250,0,0,0,5350,41000,36,90000,0,0,45000,90000,65000,35000,13000,0,0,0,0,0,0,0,0,0,78,2095,42,31,32,0,0,0,0,435,211,150,0,0,355,367,370,0,0,0,0,3300,1700,1320,1056,0,0,0,0,0,0,0,0,0,0,130,0,0,0,0,0,0,0,4300,0,0,0,0,0,0,0,0,0,0,0,0,0,0,0,0,0,0,0,0,0,0,0,0,0,0,0,0,0,0,0,0,0,0,0,0,0,0,0,0,0,0,0,0,0,0,0,0,0,0,0,0,0,0,0,0,0,0,270,0,0,0,0,200,0,0,0,0,0,0,0,0,0,0,20,25,0,0,0,0,0,0,0,0,0,0,0,0,0,0,0,10,0,0,0,0,0,0,150,175,0,0,20,10,80,20,0,0,458648,0,0,0,0.9903033,0
611007.6144,1070453.402,1052,0,0,0,0,0,0,0,0,0,0,0,0,0,0,0,0,0,0,0,0,0,0,0,0,0,0,0,0,0,0,0,0,0,0,5,0,0,0,0,0,0,0,0,0,0,0,0,0,0,0,0,0,0,0,0,0,0,0,0,0,0,0,0,0,0,0,0,0,0,0,0,0,0,0,0,0,0,0,0,0,0,340,410,0,0,3,0,0,0,0,0,0,0,0,29,34,0,0,0,0,0,0,0,0,0,0,0,0,0,0,63,0,0,0,0,0,0,0,0,0,0,0,0,0,0,0,0,0,0,0,0,0,0,0,0,0,0,0,0,0,0,0,0,0,0,0,0,0,0,0,0,0,0,0,0,0,0,0,0,0,0,0,0,0,0,0,47,26,0,0,0,0,0,0,0,0,0,0,0,59,0,1,0,0,0,4,0,0,0,0,0,0,0,0,0,0,26000,0,0,0,0,0,0,0,0,0,9,72,0,820,3,0,0,0,16,6500,517,102,0,0,0,0,0,219,17000,3200,370,345,11000,5560,7000,3,1360,170,41,155,37,26,26,37,68,68,34,0,0,0,0,0,0,0,0,0,0,0,0,0,0,0,0,0,0,0,0,0,0,0,0,0,0,0,0,0,0,0,0,0,0,0,0,0,0,0,0,0,0,0,0,0,0,0,0,0,0,0,0,0,0,0,0,0,0,0,0,0,0,0,0,0,0,0,0,0,0,0,0,0,0,0,0,0,0,3,0,0,0,0,0,0,0,0,0,0,0,0,0,0,0,0,0,0,29,0,310,0,0,0,336,8,3,0,0,0,0,0,0,0,0,0,0,0,0,0,0,0,0,82468,0.44394116,0.44394116,0.44875036,0.9996273,0
623187.1417,1060908.332,1053,0,0,0,0,0,0,0,0,0,0,0,0,0,0,0,0,0,0,0,0,0,0,0,0,0,0,0,0,0,0,0,0,0,0,0,0,0,0,0,0,0,0,0,0,0,0,0,0,0,0,0,0,0,0,0,0,0,0,0,0,0,0,0,0,0,0,0,0,0,0,0,0,0,0,0,0,0,0,0,0,0,0,540,0,0,0,0,0,0,0,0,0,0,0,0,10,0,0,0,0,0,0,0,0,0,0,0,0,0,0,35,0,0,0,0,0,0,0,0,0,0,0,0,0,0,0,0,0,0,0,0,0,0,0,0,0,0,0,0,0,0,0,0,0,0,0,0,0,0,0,0,0,0,0,0,0,0,0,0,0,0,0,0,0,0,0,0,20,0,0,0,0,0,0,0,0,0,0,0,45,0,14,0,0,0,3,0,0,0,0,0,0,0,0,0,0,2600,0,0,0,200,2300,250,0,0,0,0,20,0,520,16,0,0,0,16,6500,517,102,0,0,0,0,0,219,17000,3200,370,345,11000,5560,7000,3,1360,170,41,155,37,26,26,37,68,68,34,0,0,0,0,0,0,0,0,0,0,0,0,0,0,0,0,0,0,0,0,0,0,0,0,0,0,0,0,0,0,0,0,0,0,0,0,0,0,0,0,0,0,0,0,0,0,0,0,0,0,0,0,0,0,0,0,0,0,0,0,0,0,0,0,0,0,0,0,0,0,0,0,0,0,0,0,0,0,0,0,0,0,0,0,0,0,0,0,0,0,0,0,0,0,0,0,0,0,0,250,0,0,0,265,560,0,0,0,0,0,0,0,0,0,0,0,0,0,0,0,0,0,61502,0.65688184,0.65688184,0.65560777,0.9996853,0
626024.661,1046484.528,1054,0,3,0,0,0,0,0,0,0,0,0,0,0,0,0,0,0,0,0,0,0,0,0,0,0,0,0,0,0,0,0,0,0,0,0,0,0,0,0,0,0,0,0,0,0,0,0,0,0,0,0,0,0,0,0,0,0,0,0,0,0,0,0,0,0,0,0,0,0,0,0,0,0,0,0,0,0,0,0,0,0,0,46,168,0,0,0,0,0,0,0,0,0,0,0,0,0,0,0,0,0,0,0,4,0,0,0,0,0,0,0,0,0,0,0,0,13,0,0,0,0,0,0,0,0,0,0,0,0,0,0,0,0,0,0,0,0,0,0,0,0,0,0,0,0,0,0,0,0,0,0,4,0,0,0,0,0,0,0,0,1,0,0,0,0,0,0,2,0,0,0,0,0,0,0,0,0,1,2,0,2,2,0,0,0,2,18,0,2,7,0,0,4,4,3,10,0,4,1,3,5,2,0,4,0,0,0,0,0,0,4,5,0,0,16,6500,517,102,0,0,0,0,0,219,17000,3200,370,345,11000,5560,7000,3,1360,170,41,155,37,26,26,37,68,68,69.5,71,16,0,1080,64,11,0,1600,12,4,0,15,3,0,4,0,4,10,8,68,0,0,5,4,0,2,0,0,0,0,0,0,0,0,0,0,0,0,0,0,0,0,0,0,0,0,0,0,0,0,0,0,0,0,0,0,0,0,0,0,0,0,0,0,0,0,0,0,5,0,2,2,0,0,0,0,0,0,0,0,0,0,0,0,0,0,0,0,0,0,0,0,0,0,0,0,0,0,0,0,0,0,0,0,0,0,0,4600,7750,9900,84,23,0,0,0,0,2,0,0,0,0,0,79564.5,0.565854,0.565854,0.56960034,0.9994439,0
603674.3129,1080272.593,1055,140,630,495,310,42,64,130,200,180,149,176,0,90,52,73,20,65,120,90,73,180,215,720,200,200,80,40,57,50,50,120,70,130,60,45,65,45,0,60,70,55,80,85,0,0,0,120,150,140,162,290,40,95,50,350,850,90,750,0,530,600,310,250,200,175,104,60,45,37,36,20,27,45,52,260,350,150,40,210,310,310,195,110,420,60,30,55,40,6,25,170,140,340,290,170,220,0,160,310,190,175,150,110,100,70,85,120,0,95,0,0,110,0,240,700,0,250,0,0,70,90,60,0,90,115,70,50,0,79,0,0,50,70,40,50,80,65,0,54,66,0,35,50,0,0,0,65,0,0,90,70,184,0,1862,612,0,0,3862,420,148,186,646,0,0,124,0,48,126,0,0,0,0,0,36,116,312,0,0,316,0,36,22,38,0,0,12,0,0,112,326,0,0,480,480,3200,4018,0,632,564,420,6326,0,264,318,4800,0,216,46,0,316,0,48,1650,700,3200,1900,450,221,175,190,190,185,105,168,105,155,150,160,155,120,240,1300,1250,1000,900,620,600,490,530,500,490,600,458,316,316,284,125,185,197,236,87,0,186,218,284,362,0,262,0,168,216,428,312,618,846,1081,4216,6826,732,612,2,132,216,0,316,612,432,1126,20,0,0,72,0,0,0,0,0,0,0,0,0,382,0,0,0,0,0,0,0,0,0,0,0,0,0,0,0,0,0,0,0,0,0,0,0,0,0,0,0,0,0,0,0,0,0,0,0,10,0,0,0,64,0,0,0,0,0,0,0,0,0,0,0,0,0,0,0,0,0,0,864,2600,6800,2650,580,0,0,0,0,1260,1800,612,0,0,0,109821,0.03427572,0.03427572,0.06166478,0.9999092,0.048387973
607218.8569,1079267.077,1056,3120,35,45,35,54,29,73,105,62,35,96,0,22,62,6,24,45,96,110,21,41,95,350,37,55,91,16,52,41,52,115,64,170,115,105,110,105,0,265,25,20,24,31,0,0,82,127,80,98,90,130,15,64,22,40,37,17,135,0,150,195,142,29,24,29,31,16,21,12,14,25,10,16,25,47,20,0,35,105,290,140,25,55,1300,420,625,320,215,17,1000,0,0,0,0,0,0,0,0,0,0,0,0,0,0,0,0,0,0,0,0,0,0,0,0,0,0,0,0,0,0,0,0,0,0,0,0,0,0,0,0,0,0,0,0,0,0,0,0,0,0,0,0,0,0,0,0,0,0,120,75,100,180,150,90,60,50,284,50,30,65,80,230,80,0,40,60,0,50,90,0,0,0,0,40,250,0,0,190,0,0,450,0,640,530,220,60,70,0,65,39,35,50,15,30,35,65,90,180,230,350,450,550,120,60,1200,210,110,90,85,1380,2700,2200,1650,700,3200,1900,450,221,175,190,190,185,105,168,105,155,150,160,155,120,240,1300,1250,1000,900,620,600,490,530,500,490,600,355,110,160,145,170,250,280,190,230,195,75,150,120,160,120,100,135,88,134,105,170,155,150,120,108,258,124,140,144,34,40,0,42,0,55,0,80,0,0,120,55,31,43,75,160,115,90,140,170,87,105,78,95,62,53,76,55,60,45,45,31,25,25,18,20,88,98,66,51,48,14,132,132,98,205,180,132,155,160,350,203,184,230,155,322,102,113,126,112,140,58,92,70,89,382,512,284,236,205,142,125,88,80,65,210,38,65,125,205,1570,1790,288,104,150,63,50,65,42,55,30,18,10,10,63199,0.16248061,0.16248061,0.21731306,0.9999785,0.606015215
596334.2619,1080818.638,1057,630,96,62,210,167,95,106,103,100,116,96,0,117,360,82,80,74,86,91,55,60,110,121,130,170,155,120,280,255,355,310,350,300,245,240,250,210,0,200,200,130,125,10,0,0,106,90,120,105,134,100,10,80,130,150,90,280,350,0,410,300,630,840,800,620,415,305,55,40,40,50,96,120,105,170,220,280,300,340,389,1400,218,840,1200,150,1000,915,800,740,600,680,520,500,560,400,290,0,210,0,195,120,90,125,80,100,110,215,0,290,0,160,165,0,150,1000,1115,0,0,0,120,140,130,0,0,90,88,75,0,30,0,70,0,0,65,0,0,0,0,0,60,55,65,40,50,0,0,0,50,70,0,50,60,25,40,60,65,70,90,140,100,75,150,60,100,50,75,0,100,120,0,0,0,0,350,550,120,210,70,130,110,1500,0,1200,900,310,90,80,110,70,4,55,190,450,210,120,200,310,650,1000,1900,1200,700,125,80,2100,415,120,430,210,350,1420,0,1650,700,3200,1900,450,221,175,190,190,185,105,168,105,155,150,160,155,120,240,1300,1250,1000,900,620,600,490,530,500,490,600,495,390,420,370,340,380,290,150,210,170,95,350,400,370,0,0,90,0,950,720,215,190,125,100,0,0,178,155,0,75,0,0,130,0,110,150,160,0,87,550,105,25,87,65,220,310,129,190,420,1230,930,110,75,55,70,130,70,88,32,32,30,30,30,22,30,95,112,50,66,44,19,94,94,50,162,115,40,130,145,1325,560,610,530,800,410,160,195,110,100,85,62,74,160,194,400,360,365,70,93,120,145,100,58,46,615,214,470,2000,2700,3200,2100,1400,110,200,41,62,135,210,180,32,25,72,72,104542,0.08946732,0.08946732,0.1135034,0.999937,0.066586117
604348.7074,1058654.566,1058,0,0,0,0,0,0,0,0,0,0,0,0,0,0,0,0,0,0,0,0,0,0,0,0,0,0,0,0,0,0,0,0,0,0,0,0,0,0,0,0,0,0,0,0,0,40,0,0,0,0,0,0,0,0,0,0,0,0,0,0,0,0,0,0,0,0,0,0,0,0,0,0,0,0,0,0,0,0,0,0,0,0,0,0,0,0,0,0,0,0,0,0,0,0,0,0,0,0,0,0,0,0,0,0,0,0,0,0,0,0,0,0,0,0,0,0,0,0,0,0,0,0,0,0,0,0,0,0,0,0,0,0,0,0,0,0,0,0,0,0,0,0,0,0,0,0,0,0,0,0,0,40,45,0,0,90,80,110,95,135,180,0,150,0,210,240,0,0,280,0,0,0,0,345,500,0,0,0,180,0,990,0,0,106,100,130,90,216,190,260,0,500,840,860,540,515,560,415,570,620,920,1400,1530,1860,1670,1540,900,720,820,1000,760,1300,0,0,40,352,244,0,0,0,24,0,0,0,240,0,0,3616,0,55200,28900,104,62,57,0,0,0,0,0,0,0,0,192.5,385,365,379,400,450,410,490,620,660,735,695,710,740,755,670,950,0,615,0,530,500,415,2000,375,385,349,370,0,305,300,0,290,0,250,430,460,0,610,0,0,213,325,570,640,335,240,295,195,105,100,88,68,70,82,68,85,92,106,106,70,95,95,40,60,64,85,95,103,120,13,175,175,220,200,230,320,415,645,1210,680,600,415,590,520,330,305,220,130,95,70,90,85,81,120,330,166,184,215,180,160,345,690,715,850,936,810,1300,1800,2000,1900,1255,1100,915,730,600,420,400,415,400,365,30,30,163056.5,0.65678632,0.65678632,0.65524858,0.998803,0
611358.768,1063429.699,1059,0,0,0,0,0,0,0,0,0,0,0,0,0,0,0,0,0,0,0,0,0,0,0,0,0,0,0,0,0,0,0,0,0,0,0,0,0,0,0,0,0,0,0,0,0,0,0,0,0,0,0,0,0,0,0,0,0,0,0,0,0,0,0,0,0,0,0,0,0,0,0,0,0,0,0,0,0,0,0,0,0,0,0,0,0,0,0,0,0,0,0,0,0,0,0,0,0,0,0,0,0,0,0,0,0,0,0,0,0,0,0,0,0,0,0,0,0,0,0,0,0,0,0,0,0,0,0,0,0,0,0,0,0,0,0,0,0,0,0,0,0,0,0,0,0,0,0,0,0,0,0,0,0,0,0,0,0,0,123,71,0,0,0,0,0,0,0,0,0,0,0,0,0,0,0,0,0,0,0,0,0,0,0,0,0,0,0,0,0,0,0,0,0,0,0,0,1712,0,0,342,0,0,0,0,0,0,0,0,0,0,0,0,0,0,40,352,244,0,0,0,24,0,0,0,240,0,0,3616,0,55200,28900,104,62,57,0,0,0,0,0,0,0,0,0,0,0,0,0,0,0,0,0,0,0,0,0,0,0,0,0,0,0,0,0,0,0,0,0,0,0,0,0,0,0,0,0,0,0,0,0,0,0,0,0,0,0,0,0,0,0,0,0,0,444,187,0,0,0,0,0,0,0,0,0,0,0,0,0,0,0,0,0,0,0,0,0,0,0,0,0,0,0,0,0,0,0,0,0,0,0,0,0,0,0,0,0,0,0,0,0,0,0,0,0,0,0,0,0,0,25,0,0,0,0,51,0,0,0,0,0,0,0,0,0,0,0,91794,0.67239479,0.67239479,0.66544623,0.9988002,0
593092.786,1060394.791,1060,0,0,0,0,0,0,0,0,0,0,0,0,0,0,0,0,0,0,6,0,7,5,0,0,320,173,0,0,0,0,0,0,3,0,0,0,0,0,0,0,0,0,0,0,0,0,0,0,0,0,0,0,0,0,0,0,0,0,0,6,100,0,10,0,0,0,0,0,0,0,0,0,0,0,0,0,0,0,0,0,0,0,0,0,0,0,23,16,0,0,6300,1800,0,0,0,0,0,0,0,0,0,0,0,0,0,0,0,0,0,0,0,40,50,0,0,0,0,0,0,0,0,0,0,0,0,0,0,0,0,0,0,0,0,0,0,0,0,0,0,0,0,0,0,0,0,0,0,0,0,0,0,0,0,0,0,0,0,0,0,0,0,0,0,0,0,0,0,0,0,0,0,0,0,0,0,0,0,0,0,0,0,0,0,0,0,0,0,0,0,0,0,0,0,0,0,0,546,0,0,380,0,10816,0,0,0,0,0,0,0,27250,0,0,20,2,20,10,0,0,0,0,0,0,0,0,0,22,120,0,46,800,230,0,0,0,0,0,0,1,0,0,0,0,0,0,0,0,0,0,0,0,0,0,0,0,0,0,0,0,0,0,0,0,0,0,0,0,0,0,0,0,0,0,0,0,0,0,0,0,0,0,0,0,0,0,0,0,0,0,0,0,0,0,0,0,0,0,0,0,0,0,0,0,0,0,0,0,0,0,0,0,0,0,0,0,0,0,0,0,0,0,0,0,0,0,0,0,0,0,0,0,0,0,0,0,0,0,0,0,0,0,0,0,0,0,0,0,0,0,50,0,0,0,0,0,0,0,0,0,0,0,0,0,0,0,0,49172,0,0,0.00786684,0.9996833,0
587716.0383,1070975.175,1061,0,0,0,0,0,0,0,0,0,0,0,0,0,0,0,0,0,0,0,0,0,7,0,0,0,0,0,0,0,200,200,300,0,200,120,0,100,0,0,0,0,0,0,0,0,0,0,0,0,0,0,0,0,0,0,300,400,0,0,200,0,0,100,0,0,0,0,0,0,0,0,0,0,0,0,0,0,0,0,0,0,0,0,0,0,0,6,0,0,0,0,50,0,0,0,0,0,0,20,0,0,0,0,0,0,0,0,0,0,0,0,0,200,0,800,1500,800,0,0,0,0,0,0,0,0,0,0,0,0,0,0,0,0,0,0,0,0,0,0,0,0,0,0,0,0,0,0,0,0,0,0,0,0,0,0,0,0,0,0,0,0,0,0,0,0,10,0,0,0,0,0,0,0,0,0,6,0,0,0,0,0,0,0,0,0,1200,0,0,0,0,0,0,0,80,20,0,2600,2800,400,0,36,0,3800,0,0,0,12,0,0,60,42,0,20,2,20,10,0,0,0,0,0,0,0,0,0,22,120,0,46,800,230,0,0,0,0,0,0,1,0,0,0,0,0,0,0,0,0,0,0,0,0,0,120,0,0,90,0,0,0,0,0,0,6000,0,0,620,5400,0,0,0,0,0,0,0,0,0,0,0,0,0,0,0,0,0,0,0,0,0,0,25,0,0,0,0,0,0,0,0,0,0,0,0,0,0,0,0,0,0,0,0,0,0,0,0,0,0,0,0,0,0,0,0,0,0,0,0,0,0,0,0,0,0,0,0,0,0,0,0,0,0,0,0,0,0,0,0,0,0,0,0,0,0,15,0,0,0,0,0,0,0,0,0,0,0,0,30110,0.02922238,0.02922238,0.04301109,0.9999048,0
599276.1725,1070859.476,1062,0,0,0,0,0,0,0,0,0,0,0,0,0,0,0,0,0,0,0,0,15,12,0,0,15,0,0,0,0,0,0,0,150,0,0,0,0,0,0,0,0,0,0,0,0,0,0,0,42,60,0,0,0,0,0,0,35,0,0,25,25,50,0,0,0,0,25,5,0,0,0,0,0,0,5,0,0,0,0,0,2800,3000,1500,4400,550,0,0,0,15,50,900,210,0,0,35,15,0,0,0,0,0,0,0,0,0,0,0,0,0,30,0,3500,0,0,0,0,0,0,0,0,0,0,0,10,3,3,0,0,0,0,0,0,0,0,0,0,0,0,0,0,0,0,0,0,0,0,0,0,0,0,0,0,0,0,0,0,0,0,0,0,0,0,0,0,0,0,0,0,0,0,0,0,0,0,0,5,0,0,0,0,0,0,0,0,0,0,0,0,0,0,0,0,0,10,4,0,140,600,500,0,0,0,3000,0,0,0,18,0,0,8,0,0,0,300,400,40,300,500,0,100,0,0,0,0,0,30,20,30,5000,2000,0,0,0,3000,200,500,500,400,400,0,0,0,0,0,0,0,0,0,0,0,0,0,0,0,0,0,0,0,0,0,0,0,150,0,0,500,0,0,0,0,0,0,0,0,0,0,0,0,0,0,0,0,0,0,0,0,0,0,0,15,20,15,15,0,0,0,0,10,0,0,0,0,0,0,0,0,0,0,0,0,0,0,0,0,0,0,0,0,0,0,0,0,0,0,0,0,0,0,0,0,0,0,0,0,0,0,0,0,0,0,0,0,0,0,0,0,0,0,0,0,0,0,300,0,120,0,0,0,0,0,0,0,50,0,0,36685,0.50124627,0.50124627,0.33888778,0.9999677,0
594372.4253,1074912.734,1063,0,0,0,0,0,0,0,0,0,0,0,0,0,0,0,0,0,0,0,0,0,4,0,0,0,0,5,0,15,0,0,0,0,5,0,0,0,0,0,0,0,0,3,0,0,0,0,0,50,56,0,0,2,0,20,30,70,50,0,20,15,99,0,0,0,0,0,0,0,0,0,0,0,0,0,2,0,0,0,0,0,0,0,0,0,0,0,0,0,0,0,0,0,0,0,0,0,0,0,0,0,0,0,0,0,0,0,0,0,0,0,0,0,0,0,0,0,0,0,0,0,0,0,0,0,0,0,0,0,0,0,0,0,0,0,0,0,0,0,0,0,0,0,4,30,0,0,0,0,0,0,0,0,0,0,0,0,0,0,0,0,0,0,0,0,0,0,0,0,0,0,0,100,0,0,200,0,0,0,0,6500,0,0,0,0,0,7,0,0,0,2,0,15,120,350,10400,8000,60,650,5000,18200,1800,1200,650,0,0,0,100,0,4000,3500,0,0,300,400,40,300,500,0,100,0,0,0,0,0,30,20,30,5000,2000,0,0,0,3000,200,500,500,400,400,0,0,0,150,300,0,0,0,0,0,0,0,0,80,0,0,20,200,40,2200,0,0,0,3000,200,0,0,0,30,20,10,150,20,0,0,0,0,0,0,0,0,0,0,0,0,0,0,0,0,10,20,0,0,0,0,0,0,0,0,0,0,0,0,0,0,0,0,0,0,0,0,0,0,0,0,0,0,0,0,0,0,0,0,0,0,0,0,0,0,0,0,0,0,0,0,0,0,0,0,0,0,0,0,150,2352,450,550,1050,0,500,1650,0,0,70,0,10,0,25,0,0,35,0,0,0,0,0,88346,0.10674363,0.10674363,0.12409126,0.99976,0.009019227
611800.1466,1049405.307,1064,0,0,0,415,240,162,20,125,0,0,0,128,0,0,0,0,0,0,1125,0,1575,0,0,0,0,0,0,112,0,0,0,0,0,0,0,0,0,0,0,0,0,0,0,0,0,0,0,0,0,0,0,0,0,0,0,0,0,0,0,0,0,0,0,0,0,0,0,0,0,0,0,0,0,0,0,0,0,0,0,0,0,0,0,0,0,0,0,0,0,0,0,0,0,0,0,0,0,0,0,0,0,0,0,0,0,0,0,0,0,0,0,0,0,0,0,0,0,0,0,0,0,0,0,0,0,0,0,0,0,0,0,0,0,0,0,0,0,0,0,0,0,0,0,0,0,0,0,0,1860,3206,2600,0,0,4,4,0,0,0,0,0,5,20,0,0,5,7,0,0,0,0,0,0,200,0,25,0,0,0,0,300,2000,40,30,0,0,5,25,200,28,0,3,11,0,0,30,200,150,100,800,500,0,200,0,150,0,0,0,60,0,2000,1500,0,174,259,376,1563,18,12,75,0,349,0,452,84,1783,675,736,29,1267,3594,700,90,328,1723,132,42,26,124,215,1347,0,173,126.5,80,0,0,0,0,0,0,0,0,15,0,0,0,0,20,50,0,0,0,1000,300,0,100,0,50,300,200,40,10,0,0,0,0,0,0,0,0,0,0,0,0,0,0,15,0,70,800,100,9,0,0,0,0,0,0,0,0,0,40,0,0,0,0,0,0,0,0,0,0,0,0,0,0,80,0,80,7,0,0,0,0,0,0,0,0,0,0,0,0,0,0,0,0,0,0,0,0,12,50,150,5000,200,20,100,0,8,0,800,150,150,0,50,6,3,0,0,0,0,0,0,0,0,46707.5,0.63737995,0.63737995,0.5223006,0.9998576,0
600882.9176,1055606.969,1065,0,0,0,0,0,0,0,0,0,0,0,0,0,0,0,0,0,0,0,0,64,0,0,0,0,0,0,0,0,0,0,0,0,0,0,0,0,0,0,0,0,0,0,0,0,0,0,0,0,0,0,0,0,0,0,0,0,0,0,0,0,0,0,0,0,0,0,0,0,0,0,0,0,0,0,0,0,0,0,0,0,0,0,0,0,0,0,0,0,0,0,0,0,0,0,0,0,0,0,0,0,0,0,0,0,0,0,0,0,0,0,0,0,0,0,0,0,0,0,0,0,0,0,0,0,0,0,0,0,0,0,0,0,0,0,0,0,0,0,17,279,125,54,86,392,0,0,54,347,0,36,372,45,0,134,108,193,45,38,5000,13,32,0,0,0,18,254,25,46,0,0,0,0,446,358,19,279,347,452,469,872,416,114,95,137,168,48,61,97,125,196,232,2449,1172,1257,2386,300,4735,868,394,459,1483,374,125,0,0,536,423,1638,136,947,85,174,259,376,1563,18,12,75,0,349,0,452,84,1783,675,736,29,1267,3594,700,90,328,1723,132,42,26,124,215,1347,0,173,449,725,0,0,0,54,238,0,247,0,0,174,83,0,0,0,56,23,0,0,16,0,0,18,0,0,0,0,0,0,0,118,0,0,0,0,27,16,24,0,38,15,0,36,167,89,232,153,41,0,167,34,29,196,12,0,147,369,172,56,18,21,21,328,0,0,2285,0,2316,937,0,0,0,27,34,2258,0,0,119,134,163,198,972,112,1963,26,14,632,0,0,0,0,56,47,0,24,0,0,0,0,42,118,0,64,18,323,129,0,0,247,0,0,0,0,0,0,0,0,0,24,0,0,0,66712,0.50931289,0.50931289,0.45291052,0.9999564,0
587307.0377,1044409.352,1066,600,0,550,120,0,0,8,0,0,0,0,0,0,6,9,0,0,0,0,0,0,0,0,0,8,30,0,14,0,0,0,0,0,0,0,0,0,0,0,0,0,0,0,0,0,0,0,0,0,0,0,0,0,0,0,0,0,0,0,0,0,0,0,0,0,0,0,0,0,0,0,0,0,0,0,0,0,0,0,0,0,0,0,0,0,0,0,0,0,0,0,0,0,0,0,0,0,0,0,0,0,0,0,0,0,0,0,0,0,0,0,0,0,0,0,0,0,0,0,0,0,0,0,0,0,0,0,0,0,0,0,0,0,0,0,0,0,0,0,0,12,0,0,0,0,0,0,0,0,0,0,0,0,0,0,0,0,0,0,0,0,0,0,0,0,0,18,24,0,0,0,0,0,0,0,8,0,6,8,0,16,0,0,0,0,0,0,12,7,12,37,48,130,170,90,45,100,18,13,16,0,32,19,13,0,0,0,6,3,6,12,17,174,259,376,1563,18,12,75,0,349,0,452,84,1783,675,736,29,1267,3594,700,90,328,1723,132,42,26,124,215,1347,0,173,86.5,0,0,0,0,3,0,0,0,0,0,0,5,3,0,0,14,22,24,14,28,18,0,0,0,0,0,0,0,0,0,0,0,0,0,0,0,0,0,0,0,0,26,37,0,17,0,0,0,0,0,0,0,0,0,0,0,0,0,0,0,0,0,0,0,0,0,0,0,0,0,0,0,26,37,0,17,0,0,0,0,0,0,0,0,0,12,9,23,0,12,3,0,0,0,0,0,0,0,0,0,0,0,0,0,0,0,0,7,46,6,42,16,0,0,0,0,0,0,0,0,0,0,19142.5,0,0,0,0,0
