cell,x
1,1143.519826
2,1119.841869
3,1096.579226
4,1073.840813
5,1051.753962
6,1030.464451
7,1010.13479
8,990.9400523
9,973.060593
10,956.6713899
11,941.9284665
12,928.9539023
13,917.8220047
14,908.5497878
15,901.094503
16,895.3594461
17,891.2071064
18,888.4768095
19,887.0031335
20,886.6317742
21,887.2308069
22,888.6967739
23,890.9561506
24,893.96329
25,897.69599
26,902.1495849
27,907.3302051
28,913.247713
29,919.9088694
30,927.3114011
31,935.4396845
32,944.2626158
33,953.7338923
34,963.7944894
35,974.3767358
36,985.4091843
37,996.8214843
38,1008.548635
39,1020.534244
40,1032.732667
41,1045.110069
42,1057.644576
43,1070.325724
44,1083.153395
45,1096.136438
46,1109.291091
47,1122.639333
48,1136.207237
49,1150.023379
50,1164.117351
51,1178.518409
52,1193.254285
53,1208.350179
54,1223.827951
55,1239.705522
56,1255.996471
57,1272.709841
58,1289.850125
59,1307.417414
60,1325.407676
61,1118.448481
62,1093.775002
63,1069.456983
64,1045.608854
65,1022.368285
66,999.8975388
67,978.3829265
68,958.0312145
69,939.0617676
70,921.6935415
71,906.1270102
72,892.5227922
73,880.9807311
74,871.5245871
75,864.0971926
76,858.5684652
77,854.7548405
78,852.4452809
79,851.4276474
80,851.5102286
81,852.5356946
82,854.3872881
83,856.9887464
84,860.3000089
85,864.3104857
86,869.0310199
87,874.4851114
88,880.6997604
89,887.6964624
90,895.483239
91,904.0488147
92,913.3598848
93,923.3618677
94,933.9827915
95,945.1393393
96,956.7437912
97,968.7106796
98,980.9623126
99,993.4327402
100,1006.070104
101,1018.837552
102,1031.71302
103,1044.688199
104,1057.766971
105,1070.963538
106,1084.300418
107,1097.806411
108,1111.514623
109,1125.460591
110,1139.680559
111,1154.209927
112,1169.081899
113,1184.326354
114,1199.968955
115,1216.030499
116,1232.52652
117,1249.467122
118,1266.857031
119,1284.695835
120,1302.97838
121,1093.672629
122,1067.948825
123,1042.504131
124,1017.455968
125,992.9503856
126,969.1654413
127,946.3127497
128,924.6355341
129,904.4010857
130,885.8856015
131,869.3504772
132,855.0117047
133,843.0077025
134,833.3741197
135,826.0344613
136,820.8113388
137,817.4560768
138,815.6880878
139,815.2332716
140,815.8531904
141,817.3616249
142,819.6295068
143,822.5816008
144,826.1886079
145,830.4573587
146,835.4203526
147,841.1248152
148,847.6211357
149,854.9510308
150,863.1366611
151,872.1725344
152,882.021872
153,892.6181532
154,903.87124
155,915.6764367
156,927.9244447
157,940.5104369
158,953.3411332
159,966.3394597
160,979.4469151
161,992.624065
162,1005.849679
163,1019.118986
164,1032.441431
165,1045.838196
166,1059.339677
167,1072.983017
168,1086.809765
169,1100.863697
170,1115.188836
171,1129.827687
172,1144.819708
173,1160.200051
174,1175.998582
175,1192.239194
176,1208.939408
177,1226.110264
178,1243.756457
179,1261.876706
180,1280.464282
181,1069.273774
182,1042.44947
183,1015.809148
184,989.4693086
185,963.5807055
186,938.3345709
187,913.9675633
188,890.7632098
189,869.046539
190,849.1679177
191,831.4729038
192,816.2585234
193,803.7230119
194,793.9232469
195,786.7565216
196,781.9766611
197,779.2408017
198,778.1708415
199,778.4103058
200,779.6634768
201,781.7133369
202,784.4223059
203,787.722715
204,791.6033056
205,796.0955722
206,801.2610047
207,807.1783331
208,813.9294402
209,821.5837674
210,830.183016
211,839.7293947
212,850.1805223
213,861.4523149
214,873.428759
215,885.975669
216,898.9550537
217,912.2374304
218,925.7106803
219,939.2852069
220,952.8959144
221,966.501831
222,980.0842084
223,993.6437671
224,1007.197564
225,1020.775785
226,1034.418624
227,1048.173351
228,1062.091579
229,1076.226775
230,1090.632008
231,1105.357954
232,1120.451187
233,1135.952771
234,1151.89719
235,1168.311621
236,1185.215551
237,1202.620747
238,1220.531507
239,1238.945186
240,1257.852912
241,1045.345523
242,1017.378719
243,989.4801802
244,961.7599258
245,934.3674298
246,907.5015609
247,881.4205578
248,856.4494767
249,832.9804202
250,811.4585432
251,792.3460996
252,776.0608306
253,762.8963749
254,752.9482208
255,746.0775975
256,741.9350981
257,740.0378797
258,739.8689462
259,740.9626288
260,742.9555867
261,745.6022243
262,748.7653831
263,752.3956673
264,756.5095783
265,761.1715409
266,766.4799798
267,772.5541942
268,779.5181203
269,787.4795716
270,796.5078058
271,806.6155067
272,817.7511685
273,829.8043542
274,842.6216175
275,856.0277414
276,869.8465884
277,883.9176202
278,898.1065429
279,912.3104079
280,926.4584509
281,940.5101496
282,954.4517467
283,968.2921254
284,982.0585781
285,995.7927539
286,1009.546908
287,1023.380477
288,1037.356974
289,1051.54118
290,1065.996614
291,1080.783308
292,1095.95589
293,1111.562022
294,1127.641224
295,1144.224106
296,1161.33203
297,1178.977165
298,1197.162908
299,1215.884615
300,1235.130541
301,1021.993436
302,992.8546838
303,963.6470539
304,934.4667239
305,905.4531003
306,876.8030987
307,848.7878578
308,821.7696595
309,796.2134055
310,772.6817687
311,751.7981236
312,734.1629292
313,720.226712
314,710.157021
315,703.7645995
316,700.5389183
317,699.7824362
318,700.7773267
319,702.9151146
320,705.7585762
321,709.0447255
322,712.6546042
323,716.5737611
324,720.8585356
325,725.6142083
326,730.9831076
327,737.1348211
328,744.2493043
329,752.4886609
330,761.9623853
331,772.6979977
332,784.6289534
333,797.604371
334,811.4157411
335,825.8303357
336,840.6215287
337,855.5904368
338,870.5777804
339,885.4676912
340,900.1861365
341,914.6963979
342,928.9933459
343,943.0975604
344,957.0498192
345,970.9061486
346,984.7334462
347,998.6056076
348,1012.600072
349,1026.794717
350,1041.265065
351,1056.081799
352,1071.30863
353,1087.000545
354,1103.202516
355,1119.948693
356,1137.262107
357,1155.154869
358,1173.6288
359,1192.676422
360,1212.282209
361,999.3339158
362,969.0113837
363,938.4621498
364,907.7595492
365,877.0211294
366,846.4272369
367,816.245618
368,786.8615291
369,758.808577
370,732.7862885
371,709.6362153
372,690.2385164
373,675.3104312
374,665.1588149
375,659.522282
376,657.6262093
377,658.4315842
378,660.9269512
379,664.3236414
380,668.1173515
381,672.0563805
382,676.0720171
383,680.2094213
384,684.5782083
385,689.3289084
386,694.6501487
387,700.7704929
388,707.9449143
389,716.415167
390,726.3524109
391,737.8063194
392,750.6849676
393,764.7736733
394,779.7814616
395,795.3946095
396,811.3204655
397,827.3144411
398,843.1911984
399,858.8247613
400,874.1425188
401,889.116783
402,903.7560723
403,918.0971516
404,932.1981651
405,946.1328367
406,959.9855616
407,973.8471786
408,987.8112417
409,1001.97066
410,1016.414646
411,1031.225961
412,1046.478519
413,1062.235416
414,1078.54749
415,1095.452459
416,1112.974696
417,1131.125603
418,1149.904523
419,1169.300082
420,1189.291815
421,977.4917982
422,945.9966886
423,914.0993325
424,881.8402138
425,849.3007033
426,816.6247135
427,784.0506532
428,751.9569395
429,720.9212891
430,691.7821455
431,665.6618551
432,643.8688316
433,627.5899594
434,617.414378
435,612.9752262
436,613.03747
437,615.9966097
438,620.4119811
439,625.2869958
440,630.0890458
441,634.6373327
442,638.9664815
443,643.2157512
444,647.5603351
445,652.1904834
446,657.3313719
447,663.2741945
448,670.3758757
449,679.0010804
450,689.4211136
451,701.7205186
452,715.7627338
453,731.2290002
454,747.7025486
455,764.7556845
456,782.0116064
457,799.1746586
458,816.0362909
459,832.4672638
460,848.4043751
461,863.8365594
462,878.7925478
463,893.330714
464,907.5309798
465,921.4883763
466,935.3078143
467,949.0996754
468,962.9759271
469,977.0465725
470,991.4163442
471,1006.18165
472,1021.427851
473,1037.227009
474,1053.636232
475,1070.696754
476,1088.433784
477,1106.857125
478,1125.962457
479,1145.733134
480,1166.142308
481,956.5964196
482,923.9681212
483,890.7499929
484,856.9398634
485,822.5676077
486,787.7170286
487,752.5615874
488,717.422745
489,682.8622578
490,649.8134204
491,619.7170127
492,594.5202612
493,576.2656504
494,566.1510905
495,563.6515405
496,566.6636904
497,572.6068637
498,579.4315968
499,585.9566708
500,591.7276357
501,596.7423966
502,601.2186965
503,605.435369
504,609.6405441
505,614.0371582
506,618.8494474
507,624.4205601
508,631.2494406
509,639.9024212
510,650.8238275
511,664.1552768
512,679.6768385
513,696.8932095
514,715.1926384
515,733.9890485
516,752.8038857
517,771.2914626
518,789.2303385
519,806.5010483
520,823.0621011
521,838.9293071
522,854.1596493
523,868.8392536
524,883.0745172
525,896.9854589
526,910.7005163
527,924.3522093
528,938.073263
529,951.9929413
530,966.2334881
531,980.9067069
532,996.1108166
533,1011.927796
534,1028.421445
535,1045.636343
536,1063.597811
537,1082.312845
538,1101.771904
539,1121.951305
540,1142.816005
541,936.7760628
542,903.0862105
543,868.6154162
544,833.3109777
545,797.1376716
546,760.095661
547,722.2527532
548,683.8044791
549,645.1882947
550,607.2949624
551,571.8088692
552,541.5430839
553,520.1348361
554,510.2070363
555,510.9916791
556,518.5738142
557,528.6312866
558,538.3457862
559,546.5321359
560,553.0442492
561,558.2259674
562,562.5819063
563,566.5886388
564,570.5683516
565,574.6687463
566,579.0153557
567,583.9564521
568,590.1951799
569,598.6512685
570,610.0869125
571,624.7385761
572,642.2185265
573,661.7191383
574,682.3240656
575,703.2351177
576,723.8638252
577,743.8301201
578,762.9225159
579,781.0528186
580,798.2184385
581,814.47476
582,829.916048
583,844.6625421
584,858.8516771
585,872.6318868
586,886.1579082
587,899.5868442
588,913.0744896
589,926.7716303
590,940.8202084
591,955.3494241
592,970.4720031
593,986.2809622
594,1002.847234
595,1020.218447
596,1038.419011
597,1057.451494
598,1077.299077
599,1097.928783
600,1119.295093
601,918.1509774
602,883.5054829
603,847.8952286
604,811.2128668
605,773.3496143
606,734.2049772
607,693.7064185
608,651.8515939
609,608.8065148
610,565.1460197
611,522.4261458
612,484.2870211
613,457.2739804
614,447.7207488
615,454.4821036
616,469.3385583
617,484.8888808
618,497.7236459
619,507.2113123
620,513.9233511
621,518.7517021
622,522.5877448
623,526.1874531
624,529.9597051
625,533.8570432
626,537.6776775
627,541.6408578
628,546.7519805
629,554.5899385
630,566.5374749
631,582.9858695
632,603.1808215
633,625.7397066
634,649.2762898
635,672.7334621
636,695.4346181
637,717.0086439
638,737.2949321
639,756.2676799
640,773.9846016
641,790.5546439
642,806.1183018
643,820.8356768
644,834.8790685
645,848.4280871
646,861.66603
647,874.7767096
648,887.9411975
649,901.3341642
650,915.1197073
651,929.4467941
652,944.4446752
653,960.2187878
654,976.8477142
655,994.3816647
656,1012.842728
657,1032.226852
658,1052.507238
659,1073.638694
660,1095.56237
661,900.8254971
662,865.3637593
663,828.7726658
664,790.8911191
665,751.536235
666,710.5028601
667,667.5647762
668,622.4809902
669,575.0232012
670,525.0981406
671,473.2718765
672,422.7506576
673,384.3629024
674,375.4608692
675,394.3460171
676,420.7930331
677,442.9310377
678,458.3068744
679,468.0365463
680,473.9698778
681,477.6667257
682,480.4082638
683,483.3863921
684,487.2157098
685,491.3864437
686,494.8480811
687,497.3560546
688,500.3651254
689,506.7462607
690,519.1761677
691,538.2809246
692,562.4353864
693,589.1679987
694,616.4114515
695,642.8643428
696,667.8521761
697,691.0992874
698,712.5574367
699,732.301741
700,750.4728458
701,767.2460858
702,782.8153411
703,797.3845981
704,811.1634126
705,824.3642232
706,837.2003546
707,849.8839726
708,862.6234645
709,875.6198869
710,889.0623501
711,903.1225205
712,917.9487684
713,933.66076
714,950.3453864
715,968.054769
716,986.8067239
717,1006.587608
718,1027.357059
719,1049.05389
720,1071.602339
721,884.8800656
722,848.7710055
723,811.3986004
724,772.5539148
725,731.9877304
726,689.4014539
727,644.4326796
728,596.6272796
729,545.3779121
730,489.7925915
731,428.5222363
732,360.5106589
733,295.4481544
734,287.5274621
735,334.6237859
736,377.3997899
737,405.1384536
738,420.7261519
739,428.5457799
740,432.2638391
741,433.8808244
742,434.6792473
743,436.7018716
744,441.3730616
745,447.1736954
746,450.9939067
747,451.3894957
748,450.4318754
749,453.575544
750,466.4351818
751,489.9179703
752,520.1409394
753,552.582613
754,584.3757495
755,614.1845684
756,641.5464808
757,666.4163339
758,688.9323635
759,709.3080719
760,727.7848847
761,744.612502
762,760.0414425
763,774.3207111
764,787.6974311
765,800.4170343
766,812.7233059
767,824.8577779
768,837.0579745
769,849.5540509
770,862.5635907
771,876.2847548
772,890.8885315
773,906.5113149
774,923.2492227
775,941.1553434
776,960.240505
777,980.4774095
778,1001.807324
779,1024.148159
780,1047.402748
781,870.364108
782,833.7992832
783,795.8770557
784,756.3502745
785,714.9167571
786,671.2054385
787,624.7565514
788,574.9870969
789,521.1105007
790,461.896862
791,394.8639254
792,313.4007695
793,194.8251996
794,187.731382
795,292.4302412
796,346.4827177
797,373.9340178
798,384.8598004
799,387.1302504
800,386.9834836
801,385.929168
802,383.3623912
803,383.3901511
804,390.8456659
805,401.6297607
806,407.6593306
807,405.1054859
808,396.5768136
809,392.3768921
810,405.7030254
811,437.4397397
812,477.2595479
813,517.2183184
814,554.1900597
815,587.4241017
816,617.0092206
817,643.2817098
818,666.6262512
819,687.4154654
820,705.9964738
821,722.6924854
822,737.8081626
823,751.6349672
824,764.4554731
825,776.546595
826,788.1818238
827,799.6323063
828,811.1662489
829,823.045926
830,835.5217517
831,848.8235021
832,863.1497064
833,878.6570915
834,895.4523614
835,913.5882439
836,933.0647412
837,953.8352482
838,975.8161555
839,998.8980565
840,1022.956769
841,857.2905539
842,820.4751316
843,782.2546379
844,742.3552647
845,700.4367793
846,656.0761022
847,608.7489683
848,557.8137794
849,502.5082382
850,441.9721164
851,375.2452201
852,300.9722083
853,222.2484823
854,222.0960028
855,289.143041
856,331.9993688
857,349.9985441
858,349.3771655
859,339.9889553
860,334.6600587
861,332.890695
862,324.1781408
863,317.6868486
864,333.3135674
865,356.8408894
866,368.513258
867,362.3246505
868,340.0728945
869,317.8464322
870,332.4943824
871,382.237582
872,436.6169046
873,485.2391855
874,527.2126285
875,563.387166
876,594.7081029
877,621.9641182
878,645.789317
879,666.7019195
880,685.1399377
881,701.4880162
882,716.0961156
883,729.2919525
884,741.3892081
885,752.6932083
886,763.5051567
887,774.1251346
888,784.853169
889,795.9870555
890,807.8156907
891,820.6076138
892,834.596065
893,849.9634933
894,866.8292718
895,885.2438555
896,905.1908663
897,926.596385
898,949.3430118
899,973.2856065
900,998.2660084
901,845.6324917
902,808.7750158
903,770.5148086
904,730.5638962
905,688.5584745
906,644.0379997
907,596.4221314
908,544.9970801
909,488.9595708
910,427.7077497
911,362.0994699
912,298.907069
913,259.5188384
914,267.759345
915,302.1478714
916,327.6374511
917,332.234134
918,313.7722478
919,279.6947571
920,267.8991075
921,278.5555029
922,259.7486985
923,223.3693769
924,269.7285605
925,319.8995252
926,339.9663825
927,330.7623626
928,290.2970928
929,219.4646879
930,242.6160009
931,333.3344925
932,403.9612832
933,459.4553457
934,504.7790239
935,542.7144675
936,574.9482851
937,602.6001851
938,626.4702236
939,647.1681075
940,665.1880243
941,680.9540626
942,694.8477806
943,707.2246033
944,718.42368
945,728.7745892
946,738.6030319
947,748.2361072
948,758.0060382
949,768.2498672
950,779.3024178
951,791.4812335
952,805.0650222
953,820.270238
954,837.2321736
955,855.9961309
956,876.5210694
957,898.694167
958,922.3518657
959,947.302244
960,973.3446577
961,835.3220812
962,798.6237242
963,760.5761125
964,720.8907538
965,679.1961581
966,635.0092691
967,587.6952097
968,536.4121615
969,480.0488706
970,417.2380652
971,347.0562609
972,275.0087233
973,240.6552968
974,270.3131965
975,306.0481793
976,324.8286499
977,320.9473724
978,287.0282086
979,204.8873773
980,174.6849508
981,243.4577935
982,227.0946599
983,104.4202976
984,238.5841851
985,305.1004987
986,328.0667229
987,318.2155294
988,273.7796089
989,178.3373477
990,207.362435
991,312.3278232
992,385.3211311
993,441.7155865
994,487.4809267
995,525.5660713
996,557.7268327
997,585.1241059
998,608.5805717
999,628.718717
1000,646.0434351
1001,660.9919361
1002,673.9625286
1003,685.3300319
1004,695.4538218
1005,704.6833157
1006,713.36426
1007,721.84695
1008,730.4945543
1009,739.6869893
1010,749.8148003
1011,761.2595101
1012,774.3618622
1013,789.3853801
1014,806.4863919
1015,825.7004433
1016,846.9490478
1017,870.0633145
1018,894.8161835
1019,920.9545235
1020,948.2251181
1021,826.2516786
1022,789.8953124
1023,752.2928483
1024,713.17054
1025,672.1695316
1026,628.8109668
1027,582.4385107
1028,532.1137696
1029,476.3996525
1030,412.8318563
1031,336.3392559
1032,233.1416476
1033,144.7796987
1034,252.2037046
1035,300.6018659
1036,319.906351
1037,316.8655819
1038,287.469215
1039,225.8254116
1040,209.4457751
1041,257.8230943
1042,261.5829146
1043,247.9803918
1044,278.9897665
1045,316.5592679
1046,331.2017886
1047,320.9012043
1048,288.5589542
1049,250.9658442
1050,261.7416596
1051,319.0197176
1052,378.9771272
1053,430.8839115
1054,474.5922741
1055,511.4349149
1056,542.6639977
1057,569.2407063
1058,591.8847955
1059,611.1592466
1060,627.5378765
1061,641.4483034
1062,653.294638
1063,663.4665264
1064,672.3411113
1065,680.2841658
1066,687.6556237
1067,694.8218778
1068,702.1722866
1069,710.1319206
1070,719.1596663
1071,729.7233032
1072,742.2518175
1073,757.0769561
1074,774.3841789
1075,794.1914155
1076,816.3622378
1077,840.6456627
1078,866.72664
1079,894.272289
1080,922.9655204
1081,818.2771739
1082,782.4165348
1083,745.4578632
1084,707.1581703
1085,667.1954111
1086,625.134661
1087,580.3717035
1088,532.0305823
1089,478.7603653
1090,418.302947
1091,346.6197253
1092,258.4979842
1093,203.8853059
1094,255.1939075
1095,290.9841069
1096,309.3002411
1097,314.3374812
1098,303.5500593
1099,283.6459031
1100,280.3469865
1101,295.6125609
1102,304.2480928
1103,308.5944912
1104,321.9613596
1105,337.1170809
1106,340.1954716
1107,325.5317797
1108,295.8651538
1109,269.6801346
1110,279.5708722
1111,323.8787737
1112,375.9105425
1113,423.4343107
1114,464.3658428
1115,499.2781955
1116,529.0653012
1117,554.4602086
1118,576.0229615
1119,594.2118119
1120,609.4423855
1121,622.1205826
1122,632.6542831
1123,641.4511098
1124,648.9093767
1125,655.4103555
1126,661.3205377
1127,667.0094788
1128,672.8806828
1129,679.4023035
1130,687.1170204
1131,696.6125235
1132,708.4487021
1133,723.0608137
1134,740.6763328
1135,761.281217
1136,784.6469097
1137,810.4000228
1138,838.1029834
1139,867.320214
1140,897.6595328
1141,811.2236461
1142,775.9732342
1143,739.8089596
1144,702.5327356
1145,663.881717
1146,623.503804
1147,580.9222321
1148,535.486856
1149,486.326581
1150,432.4213139
1151,373.4690911
1152,314.5824752
1153,276.2109897
1154,267.2782598
1155,268.3026582
1156,284.1686637
1157,303.9071378
1158,311.2233305
1159,310.101554
1160,312.0871403
1161,320.6819164
1162,330.417118
1163,339.2886021
1164,348.1830552
1165,353.3707937
1166,347.7615437
1167,325.3019664
1168,282.8250414
1169,235.1717963
1170,254.3272418
1171,315.5094942
1172,370.6406651
1173,416.4482266
1174,454.9781253
1175,487.8598826
1176,516.0715204
1177,540.1788933
1178,560.5607649
1179,577.5477412
1180,591.4878917
1181,602.7680087
1182,611.8105938
1183,619.0562366
1184,624.9378204
1185,629.8567317
1186,634.1763274
1187,638.2461935
1188,642.4574326
1189,647.3082784
1190,653.4419974
1191,661.6176826
1192,672.597806
1193,686.9821184
1194,705.0607202
1195,726.7596437
1196,751.6988328
1197,779.3189749
1198,809.0120871
1199,840.2137398
1200,872.4486805
1201,804.8933523
1202,770.3201768
1203,735.0408087
1204,698.9113257
1205,661.7418415
1206,623.2843721
1207,583.2226891
1208,541.1769428
1209,496.7656777
1210,449.8522833
1211,401.2579198
1212,353.8947664
1213,310.7916186
1214,264.7355184
1215,207.8242268
1216,233.8464849
1217,282.8931835
1218,303.4376149
1219,310.0676754
1220,314.4149665
1221,323.6110569
1222,337.3033517
1223,350.6176692
1224,360.0149133
1225,362.2019555
1226,352.5795299
1227,324.9509879
1228,268.2248498
1229,142.2765364
1230,211.2542246
1231,306.2832845
1232,365.0735892
1233,408.969378
1234,445.0263304
1235,475.9787904
1236,502.7943314
1237,525.7713729
1238,545.0535352
1239,560.8308468
1240,573.3928694
1241,583.1266438
1242,590.4953563
1243,596.0035094
1244,600.148115
1245,603.3664373
1246,606.0078098
1247,608.361679
1248,610.752485
1249,613.6708841
1250,617.8732726
1251,624.3693501
1252,634.2488331
1253,648.3859988
1254,667.1667461
1255,690.3993094
1256,717.444827
1257,747.457233
1258,779.5948877
1259,813.140271
1260,847.5368701
1261,799.0757286
1262,765.1940871
1263,730.8225259
1264,695.8741072
1265,660.2340045
1266,623.7566229
1267,586.2705248
1268,547.6031173
1269,507.64728
1270,466.4899458
1271,424.5095255
1272,381.8229412
1273,335.477364
1274,273.0948339
1275,159.7393012
1276,202.4114791
1277,261.441138
1278,279.4153532
1279,286.1476184
1280,288.5250108
1281,301.5252964
1282,325.8104935
1283,347.3029267
1284,360.6301032
1285,364.1202332
1286,355.4523607
1287,331.0654856
1288,286.3176842
1289,230.7804206
1290,252.4741768
1291,313.9481383
1292,362.1031814
1293,400.2580276
1294,433.1092597
1295,462.4415054
1296,488.3956648
1297,510.6784311
1298,529.1145301
1299,543.7645542
1300,554.8940422
1301,562.9266007
1302,568.4063811
1303,571.9521623
1304,574.1809194
1305,575.6050508
1306,576.5527038
1307,577.1860795
1308,577.6575494
1309,578.3604671
1310,580.1565447
1311,584.4261097
1312,592.8107136
1313,606.6687605
1314,626.5356362
1315,651.9742751
1316,681.8856072
1317,714.9788425
1318,750.1051423
1319,786.3855171
1320,823.2056375
1321,793.558636
1322,760.3286183
1323,726.8185472
1324,692.9955026
1325,658.8122907
1326,624.2080684
1327,589.1157045
1328,553.480241
1329,517.2865962
1330,480.5623897
1331,443.2244151
1332,404.4860517
1333,361.739048
1334,310.8587764
1335,259.3737615
1336,246.4969102
1337,243.2107903
1338,229.1232959
1339,239.5195729
1340,227.1616263
1341,250.3282318
1342,300.3360789
1343,333.3324817
1344,352.2865972
1345,359.4490065
1346,354.8612267
1347,338.9428091
1348,314.7000609
1349,294.9391983
1350,301.2011208
1351,327.9764355
1352,357.9574894
1353,387.5147163
1354,417.1933545
1355,446.0045535
1356,472.1853842
1357,494.5066112
1358,512.4833347
1359,526.1353455
1360,535.7756293
1361,541.9110978
1362,545.2120349
1363,546.4814172
1364,546.5554371
1365,546.111908
1366,545.4704251
1367,544.5583572
1368,543.1589306
1369,541.3747695
1370,540.1035368
1371,541.265545
1372,547.4715923
1373,560.9926388
1374,582.6008533
1375,611.3129856
1376,645.179785
1377,682.2331428
1378,720.9613481
1379,760.3621948
1380,799.8264838
1381,788.1398267
1382,755.4694101
1383,722.7091473
1384,689.8735795
1385,656.971075
1386,624.0030255
1387,590.9661082
1388,557.8571859
1389,524.6718305
1390,491.3665874
1391,457.730012
1392,423.1551209
1393,386.6537289
1394,348.2964347
1395,312.5119259
1396,281.5870594
1397,230.7976787
1398,78.45413128
1399,199.7899093
1400,143.177887
1401,196.8798522
1402,273.6365388
1403,311.7477077
1404,335.9795169
1405,347.650607
1406,347.0953686
1407,338.435679
1408,327.8021549
1409,321.2924783
1410,322.8161267
1411,330.9490658
1412,344.3124941
1413,365.6916384
1414,394.652828
1415,425.6496391
1416,453.8537724
1417,477.1540941
1418,495.0814855
1419,507.8393284
1420,515.8912645
1421,519.8601114
1422,520.5648896
1423,519.0709563
1424,516.6039991
1425,514.2106217
1426,512.2789388
1427,510.3333019
1428,507.4287894
1429,502.993406
1430,497.736078
1431,494.2989041
1432,497.0475339
1433,510.1281178
1434,534.6918159
1435,568.4379828
1436,607.8040185
1437,649.8683858
1438,692.8066483
1439,735.6327004
1440,777.863433
1441,782.637693
1442,750.387599
1443,718.2075903
1444,686.1520327
1445,654.2727939
1446,622.6140029
1447,591.2064713
1448,560.0614053
1449,529.159183
1450,498.423422
1451,467.6770786
1452,436.6338705
1453,405.1049827
1454,373.5357355
1455,342.7319953
1456,309.7901282
1457,264.3435515
1458,219.5806509
1459,232.7276124
1460,223.529505
1461,227.1773326
1462,249.0293313
1463,278.7153017
1464,311.9167169
1465,328.7409161
1466,328.6009929
1467,321.9617265
1468,320.1115386
1469,322.8375603
1470,322.9538755
1471,317.1161231
1472,312.8349206
1473,328.192047
1474,363.3573656
1475,401.4604051
1476,433.8498816
1477,458.9101335
1478,477.01365
1479,488.8681493
1480,495.1700229
1481,496.6264584
1482,494.1466029
1483,489.0988907
1484,483.3736661
1485,478.8455195
1486,476.23398
1487,474.3858648
1488,470.9736378
1489,464.0661131
1490,453.6347454
1491,442.9980547
1492,439.6742305
1493,452.1426439
1494,482.161974
1495,523.9210412
1496,570.837137
1497,618.9750639
1498,666.5549333
1499,712.908324
1500,757.8555463
1501,776.9007336
1502,744.890955
1503,713.0727247
1504,681.5334203
1505,650.3594054
1506,619.6247113
1507,589.3762817
1508,559.6181664
1509,530.2988621
1510,501.3078378
1511,472.4921292
1512,443.7157505
1513,414.9833561
1514,386.536336
1515,358.5421935
1516,330.3502248
1517,302.1737487
1518,282.3603358
1519,275.792489
1520,264.6746547
1521,240.8179403
1522,191.1916014
1523,223.8960678
1524,285.7557384
1525,306.5053838
1526,297.6144092
1527,281.6366163
1528,289.8102524
1529,308.0725304
1530,310.8722486
1531,290.0290509
1532,253.9847456
1533,266.3183161
1534,325.1890986
1535,376.0798499
1536,413.5975642
1537,440.3608425
1538,458.4479592
1539,469.2246715
1540,473.593178
1541,472.1955454
1542,465.7930771
1543,455.9200095
1544,445.4962556
1545,438.274031
1546,436.1147946
1547,436.6349917
1548,434.8536464
1549,426.4738065
1550,409.7466575
1551,387.5280695
1552,372.1284789
1553,383.7493132
1554,425.0783408
1555,479.7272838
1556,536.3743997
1557,591.1924977
1558,643.37188
1559,692.9985521
1560,740.368509
1561,770.8156522
1562,738.832772
1563,707.1176371
1564,675.7855532
1565,644.9529616
1566,614.7191621
1567,585.1400444
1568,556.1990271
1569,527.7881762
1570,499.7189972
1571,471.7784176
1572,443.817411
1573,415.8084758
1574,387.8266008
1575,360.2351588
1576,334.7256426
1577,315.073974
1578,303.2223501
1579,292.887126
1580,273.4461439
1581,238.8025344
1582,169.0695408
1583,209.4357119
1584,277.018697
1585,291.3906769
1586,260.6073911
1587,197.9494449
1588,239.2390169
1589,290.0644356
1590,300.5811302
1591,269.6942395
1592,173.0057229
1593,189.5809436
1594,294.9549134
1595,354.8314265
1596,394.7499643
1597,421.9240878
1598,439.3505447
1599,448.751697
1600,451.1151942
1601,446.764629
1602,435.7848742
1603,419.2130194
1604,401.0931568
1605,389.4315442
1606,389.8988875
1607,397.2383851
1608,400.9654672
1609,393.5752335
1610,370.8937816
1611,331.6302915
1612,288.4181882
1613,299.1611928
1614,367.3209036
1615,440.802618
1616,507.8140215
1617,568.5945074
1618,624.5138505
1619,676.686901
1620,725.9116262
1621,764.3143839
1622,732.1193709
1623,700.2161768
1624,668.7443874
1625,637.8509957
1626,607.6654929
1627,578.2586359
1628,549.5901402
1629,521.4664067
1630,493.5468983
1631,465.436983
1632,436.8494408
1633,407.6733979
1634,377.712441
1635,346.6817498
1636,317.3301564
1637,299.8849039
1638,296.2738272
1639,287.4890298
1640,256.7645542
1641,215.7553115
1642,220.9457848
1643,257.025437
1644,291.720571
1645,295.3940261
1646,255.6076977
1647,156.7891818
1648,227.531325
1649,290.2454297
1650,304.9063573
1651,281.4739438
1652,228.7647543
1653,229.8774432
1654,289.3345246
1655,339.6263594
1656,377.2076512
1657,403.2312599
1658,419.1945767
1659,426.8824643
1660,427.4680328
1661,420.7606055
1662,405.3608681
1663,380.1134975
1664,348.2207976
1665,326.3204136
1666,334.587334
1667,357.5998065
1668,372.3401804
1669,369.7835444
1670,345.494165
1671,292.2011487
1672,188.9347824
1673,201.6218433
1674,326.4027157
1675,415.8806227
1676,489.1425188
1677,553.1019166
1678,610.9834101
1679,664.5423557
1680,714.8349622
1681,757.380485
1682,724.7174304
1683,692.3097844
1684,660.3173285
1685,628.9216154
1686,598.2979667
1687,568.5574392
1688,539.6566632
1689,511.2998003
1690,482.898589
1691,453.6876167
1692,423.05746
1693,390.9214527
1694,357.1781388
1695,319.2191072
1696,274.0170452
1697,249.8957011
1698,268.7489491
1699,270.7248338
1700,228.8146988
1701,72.55602712
1702,225.9357571
1703,285.1499371
1704,313.965407
1705,317.6971906
1706,296.9018905
1707,271.4520269
1708,286.332664
1709,314.7123995
1710,322.6633803
1711,306.7663215
1712,277.9250936
1713,264.749539
1714,284.5385178
1715,322.6116637
1716,358.4374107
1717,383.1925802
1718,396.8736378
1719,402.3127991
1720,401.7378144
1721,394.5506474
1722,377.1120668
1723,343.9269541
1724,289.5580661
1725,233.9295698
1726,269.5840927
1727,323.8075299
1728,353.1216488
1729,358.1493204
1730,339.6588335
1731,295.2023174
1732,226.0728179
1733,235.9609032
1734,329.2633184
1735,411.6670439
1736,482.4576004
1737,545.4910657
1738,603.1161121
1739,656.7370682
1740,707.2441849
1741,750.0551007
1742,716.6622469
1743,683.4172606
1744,650.4915521
1745,618.1041035
1746,586.5007013
1747,555.8857124
1748,526.2817855
1749,497.3266799
1750,468.0979977
1751,437.1536804
1752,403.0501277
1753,365.6309403
1754,327.1400968
1755,285.8226345
1756,216.5989889
1757,138.3681656
1758,239.1717396
1759,253.8100499
1760,223.4819529
1761,201.3337206
1762,255.5681535
1763,308.2106816
1764,337.1024578
1765,346.3150976
1766,341.4948437
1767,334.8458084
1768,338.5511113
1769,346.3451978
1770,344.304623
1771,326.1099873
1772,292.6674254
1773,253.277583
1774,248.231411
1775,294.647802
1776,337.017431
1777,361.2380707
1778,370.8838067
1779,372.5036235
1780,371.6035513
1781,367.5750599
1782,353.8545687
1783,321.4722267
1784,256.1238411
1785,104.1727034
1786,232.1808636
1787,310.0561285
1788,346.6859112
1789,357.3615472
1790,347.9374595
1791,323.6554419
1792,299.6388812
1793,310.1438437
1794,360.663723
1795,423.5191585
1796,485.7821752
1797,544.7777647
1798,600.3857538
1799,652.9808464
1800,702.978058
1801,742.4420575
1802,708.0672248
1803,673.6496606
1804,639.3528531
1805,605.4244054
1806,572.2034246
1807,540.0696469
1808,509.2625659
1809,479.5176763
1810,449.6066527
1811,417.0716738
1812,378.5329616
1813,331.5794388
1814,282.937229
1815,253.3218109
1816,224.217284
1817,206.3421013
1818,245.8423527
1819,238.5883371
1820,176.3463666
1821,216.8426137
1822,283.6601161
1823,330.8744481
1824,359.6474702
1825,373.258279
1826,376.6009588
1827,376.0628575
1828,376.0265497
1829,374.3239187
1830,364.5833653
1831,340.7988604
1832,296.3770211
1833,214.3707289
1834,151.1787244
1835,265.1283691
1836,317.5896145
1837,338.616877
1838,339.6779883
1839,332.7567251
1840,332.2065251
1841,337.4081707
1842,335.2691525
1843,316.9659199
1844,279.4167681
1845,244.4698598
1846,274.2553283
1847,321.787468
1848,351.0742139
1849,361.8320239
1850,358.5006564
1851,348.0107474
1852,342.2022224
1853,355.4100927
1854,391.1741452
1855,440.4593886
1856,494.4397081
1857,548.7254472
1858,601.6310914
1859,652.6343676
1860,701.6689221
1861,734.7104427
1862,699.1330401
1863,663.2304637
1864,627.1202184
1865,591.0400848
1866,555.4140615
1867,520.8833879
1868,488.1609938
1869,457.4877784
1870,427.6704329
1871,395.2319956
1872,354.0767601
1873,294.6534734
1874,207.138795
1875,205.849978
1876,250.3560602
1877,268.2330773
1878,275.3334443
1879,249.2882416
1880,170.2029413
1881,234.1638699
1882,307.7558843
1883,352.7802644
1884,380.7318913
1885,396.2965656
1886,403.1480769
1887,404.7401631
1888,402.9755242
1889,396.8232805
1890,382.8870823
1891,356.7723372
1892,312.9303775
1893,245.5782868
1894,210.3340137
1895,268.0173248
1896,306.9220438
1897,317.952514
1898,303.412931
1899,274.3976172
1900,274.5825778
1901,300.8897246
1902,316.6815381
1903,318.1126091
1904,309.4026138
1905,304.3570323
1906,318.024282
1907,341.195078
1908,358.3577433
1909,364.6547084
1910,362.4173281
1911,358.2819479
1912,361.2399796
1913,378.5999556
1914,411.4261687
1915,455.1400655
1916,504.2497615
1917,555.039427
1918,605.5630965
1919,654.9463401
1920,702.8617837
1921,727.0915454
1922,690.1517776
1923,652.5160205
1924,614.1960468
1925,575.3311772
1926,536.3346666
1927,498.1089381
1928,462.1614233
1929,430.0436874
1930,401.5040409
1931,372.5619178
1932,335.7395036
1933,279.9601164
1934,187.1983787
1935,204.8603597
1936,273.2656814
1937,300.8133053
1938,306.0197216
1939,291.8709716
1940,274.6574698
1941,296.6435066
1942,339.5206367
1943,375.1735792
1944,399.9707281
1945,415.3080604
1946,423.1435261
1947,425.2576864
1948,422.5272887
1949,414.3907127
1950,399.0499481
1951,374.2595053
1952,338.8262614
1953,298.2034172
1954,275.7955319
1955,284.6929081
1956,300.1999772
1957,301.5212616
1958,272.4605286
1959,189.4901168
1960,191.4564774
1961,259.765526
1962,291.7266254
1963,312.2529192
1964,322.8921524
1965,330.1110296
1966,340.7931838
1967,353.2081518
1968,360.8652867
1969,360.3614736
1970,354.3113375
1971,351.1167283
1972,360.1237734
1973,384.4583529
1974,421.0479775
1975,465.2051981
1976,513.1050034
1977,562.2493595
1978,611.2171195
1979,659.2863655
1980,706.1377731
1981,719.8659859
1982,681.4975916
1983,642.0021562
1984,601.2157579
1985,559.0379561
1986,515.6240871
1987,471.8448562
1988,430.1036946
1989,394.6504128
1990,368.306068
1991,346.7014814
1992,321.4050433
1993,288.9441562
1994,259.8445826
1995,268.8753997
1996,301.523834
1997,323.2445548
1998,330.6192058
1999,328.6119868
2000,328.672191
2001,343.5339817
2002,369.6940027
2003,395.8646703
2004,416.4721428
2005,430.3486765
2006,437.8916568
2007,439.7966749
2008,436.4123184
2009,427.4333091
2010,411.9992825
2011,389.2130629
2012,359.2509576
2013,325.4798535
2014,295.8114682
2015,279.6799029
2016,282.8011731
2017,288.6725513
2018,269.2542554
2019,210.1045369
2020,194.2147377
2021,213.7529098
2022,251.3350101
2023,296.0435042
2024,320.2805446
2025,333.6303022
2026,344.7887673
2027,353.7096365
2028,355.3841317
2029,346.4755645
2030,330.4822436
2031,322.5638717
2032,339.3264487
2033,376.662726
2034,422.7024265
2035,471.5002033
2036,520.886552
2037,569.9317857
2038,618.1474514
2039,665.273472
2040,711.1934683
2041,713.3377261
2042,673.5938718
2043,632.2927996
2044,589.0501474
2045,543.3865343
2046,494.8251119
2047,443.3667733
2048,391.2087116
2049,346.7989197
2050,322.699516
2051,312.4135238
2052,298.8914241
2053,286.0586149
2054,285.8293266
2055,299.8670463
2056,319.9505248
2057,335.4931829
2058,343.7184832
2059,348.3064928
2060,355.7084937
2061,370.4082428
2062,390.7403727
2063,411.5505378
2064,428.942901
2065,441.2344257
2066,448.0372658
2067,449.4281043
2068,445.4694764
2069,436.0024076
2070,420.6575511
2071,398.9971532
2072,370.6069936
2073,334.6949832
2074,288.875081
2075,236.8963794
2076,238.8392936
2077,275.7284479
2078,283.9454174
2079,265.3402312
2080,232.1866424
2081,131.0285374
2082,207.3997473
2083,278.9723415
2084,305.3879005
2085,318.3954041
2086,332.2521364
2087,343.707509
2088,343.5464032
2089,325.4479153
2090,289.3091126
2091,263.2493356
2092,299.3382402
2093,361.5714421
2094,421.5247683
2095,476.8461588
2096,528.8240781
2097,578.4800053
2098,626.3699928
2099,672.7772532
2100,717.8571882
2101,707.7960162
2102,666.8524667
2103,624.0074029
2104,578.6860357
2105,530.0224337
2106,476.6945266
2107,416.7786324
2108,348.4774922
2109,279.088831
2110,255.9926053
2111,268.1546147
2112,256.0859425
2113,250.0551564
2114,276.5306543
2115,301.7863533
2116,320.8321839
2117,333.7257141
2118,341.6168693
2119,349.7645202
2120,362.8022825
2121,380.9199826
2122,401.2749137
2123,420.5769339
2124,436.4788132
2125,447.7468311
2126,453.8730659
2127,454.6819362
2128,450.0967153
2129,440.0522837
2130,424.4808378
2131,403.1996687
2132,375.3505882
2133,337.7672664
2134,280.8327388
2135,170.7744783
2136,184.5011544
2137,271.5039101
2138,299.24185
2139,296.7182995
2140,271.9639856
2141,231.9127747
2142,244.5893522
2143,274.7568766
2144,278.8250141
2145,280.3996369
2146,303.7341249
2147,327.1070786
2148,331.3833338
2149,308.4361818
2150,246.2361021
2151,133.3735841
2152,258.3038699
2153,353.4576681
2154,424.909787
2155,484.9310807
2156,538.681523
2157,588.6622374
2158,636.1527031
2159,681.8268014
2160,726.0531134
2161,703.4739804
2162,661.596607
2163,617.633241
2164,570.9436326
2165,520.5065428
2166,464.5605894
2167,399.7543849
2168,318.6907737
2169,198.9790827
2170,168.1211391
2171,234.1110885
2172,197.1768933
2173,162.2557555
2174,248.1559718
2175,281.9318081
2176,303.6215852
2177,316.0425528
2178,321.1791392
2179,331.5031539
2180,352.6498963
2181,378.2597197
2182,402.467633
2183,422.9388618
2184,438.8603734
2185,449.8425344
2186,455.6013004
2187,455.8966503
2188,450.560852
2189,439.5782789
2190,423.1755664
2191,401.7580556
2192,375.3147551
2193,341.9929052
2194,297.0717009
2195,243.5672924
2196,245.7965563
2197,289.9570029
2198,314.1758331
2199,317.9020939
2200,307.4924277
2201,292.7801355
2202,287.0916943
2203,278.0284168
2204,239.3414237
2205,199.1200613
2206,264.5156127
2207,312.0641619
2208,326.7463853
2209,310.9347955
2210,262.1068265
2211,209.8720402
2212,282.8084869
2213,368.9720936
2214,438.9653405
2215,498.5673177
2216,551.8503467
2217,601.1419045
2218,647.7670026
2219,692.485803
2220,735.7407252
2221,700.5194534
2222,657.9994394
2223,613.3853455
2224,566.1373616
2225,515.4510779
2226,460.0382507
2227,397.7025987
2228,324.8866694
2229,242.8156355
2230,222.3134253
2231,248.525932
2232,222.4941788
2233,199.0952325
2234,225.5545038
2235,236.9728517
2236,270.0071477
2237,284.4398877
2238,277.7062319
2239,289.0938409
2240,327.8189737
2241,366.3625569
2242,396.678267
2243,419.5515802
2244,436.345868
2245,447.6624186
2246,453.4693462
2247,453.4362988
2248,447.2224837
2249,434.7301109
2250,416.413429
2251,393.6292329
2252,368.5724948
2253,342.9959877
2254,317.4696467
2255,297.5282769
2256,297.2817711
2257,311.9776262
2258,323.703182
2259,327.6904173
2260,325.8432451
2261,320.2472063
2262,310.2494908
2263,286.3366977
2264,227.6686444
2265,142.0829131
2266,251.4006362
2267,309.686776
2268,333.3422909
2269,332.2218003
2270,315.8356039
2271,310.7413605
2272,346.6171759
2273,404.7570474
2274,463.5840556
2275,518.1658855
2276,568.7015399
2277,616.1428345
2278,661.3024536
2279,704.7496622
2280,746.8589483
2281,698.9930163
2282,656.0757534
2283,611.1717572
2284,563.9443383
2285,514.039486
2286,461.1945756
2287,405.6617181
2288,349.9235766
2289,304.3404116
2290,287.2873926
2291,286.7816894
2292,274.5612984
2293,252.8882547
2294,208.0343952
2295,123.9857843
2296,236.5132028
2297,252.4658057
2298,203.5321662
2299,215.5600682
2300,298.2449598
2301,351.6006846
2302,386.7866081
2303,411.4462179
2304,429.2330193
2305,441.3850613
2306,447.7978339
2307,447.8226596
2308,440.7482968
2309,426.1123473
2310,404.1774462
2311,377.0259011
2312,350.1711531
2313,331.1287222
2314,321.7190373
2315,318.0314474
2316,318.0726775
2317,319.1594571
2318,318.9757085
2319,320.7839225
2320,325.8326697
2321,327.9985924
2322,320.2013413
2323,296.9522442
2324,259.0234572
2325,239.2124754
2326,275.2559631
2327,319.6224177
2328,347.6791535
2329,359.8020503
2330,364.1873107
2331,375.0138589
2332,403.3483968
2333,445.9546396
2334,493.8987832
2335,542.0120352
2336,588.5915636
2337,633.3918404
2338,676.6063958
2339,718.49895
2340,759.2948622
2341,698.8964731
2342,655.7404273
2343,610.7130233
2344,563.6542816
2345,514.5880242
2346,464.0464992
2347,413.8075437
2348,368.2453433
2349,335.012488
2350,319.2808362
2351,313.3155118
2352,303.4642663
2353,281.8058153
2354,239.3524641
2355,205.3276408
2356,242.8267414
2357,247.7045024
2358,189.835398
2359,200.4525423
2360,287.8758048
2361,340.4311045
2362,374.4502223
2363,398.7573381
2364,417.3560794
2365,431.0463233
2366,438.9629684
2367,439.7971008
2368,432.2836094
2369,415.2728975
2370,387.9484979
2371,351.283099
2372,313.7448288
2373,297.1800084
2374,305.6665839
2375,315.8811401
2376,317.0796431
2377,307.7454598
2378,292.0709407
2379,290.115317
2380,308.2800122
2381,322.7529009
2382,320.097511
2383,297.3170967
2384,261.6045791
2385,249.4969485
2386,284.6682525
2387,329.7444994
2388,363.9157916
2389,386.4065553
2390,403.1162664
2391,422.1289213
2392,449.2778451
2393,484.796133
2394,525.3693745
2395,567.8300405
2396,610.3894533
2397,652.2991172
2398,693.3401634
2399,733.5114889
2400,772.8818112
2401,700.2180215
2402,656.905224
2403,611.7542634
2404,564.6509546
2405,515.6990709
2406,465.5607368
2407,416.1753474
2408,371.9186219
2409,339.8515094
2410,324.6384512
2411,320.1287029
2412,313.6451045
2413,296.5686623
2414,268.4798577
2415,249.0468365
2416,256.595251
2417,260.4871241
2418,247.377854
2419,256.4702911
2420,295.3072183
2421,331.0292129
2422,357.7617731
2423,379.7774776
2424,399.7427041
2425,416.4957113
2426,427.4135047
2427,430.2891841
2428,423.4022804
2429,404.9449865
2430,372.3755914
2431,321.9364176
2432,253.3621165
2433,228.0732421
2434,274.1598646
2435,300.0640352
2436,301.9317444
2437,282.533737
2438,236.3947282
2439,222.6100252
2440,279.3381327
2441,312.1763082
2442,314.7992718
2443,287.4578754
2444,224.1033345
2445,190.8971097
2446,274.7462792
2447,337.3008662
2448,380.0930767
2449,410.6287744
2450,435.1539474
2451,459.3246265
2452,487.0516311
2453,519.4803521
2454,555.631406
2455,593.9033222
2456,633.0163922
2457,672.2052128
2458,711.0891471
2459,749.5097573
2460,787.4188072
2461,702.9701161
2462,659.5593037
2463,614.2395854
2464,566.7944046
2465,517.0829872
2466,465.213855
2467,412.02967
2468,360.5754154
2469,319.7544747
2470,303.3836145
2471,306.3516011
2472,306.7830664
2473,293.4509462
2474,262.1066391
2475,225.0208094
2476,238.1758502
2477,255.3734656
2478,254.0996417
2479,266.4545506
2480,291.6871614
2481,313.6606168
2482,331.0406148
2483,350.5699661
2484,374.7601243
2485,397.7254267
2486,413.8053276
2487,420.2691444
2488,415.6171303
2489,398.1260689
2490,364.6786338
2491,308.4893137
2492,209.4634986
2493,149.6870611
2494,251.7504184
2495,278.9502565
2496,276.2557639
2497,257.5879725
2498,194.5471604
2499,159.4638428
2500,265.4545229
2501,306.2542585
2502,311.3792465
2503,285.1435891
2504,217.3698523
2505,177.4463947
2506,282.4229064
2507,350.8750183
2508,398.0831061
2509,433.5063048
2510,462.8647625
2511,490.4366832
2512,519.1408474
2513,550.2987005
2514,583.9050346
2515,619.2932698
2516,655.7052729
2517,692.55377
2518,729.4616771
2519,766.2138029
2520,802.6977476
2521,707.2003429
2522,663.7891492
2523,618.3483992
2524,570.4846748
2525,519.6530793
2526,465.0408226
2527,405.401855
2528,339.380346
2529,272.0916979
2530,248.3561339
2531,272.879667
2532,283.8525549
2533,275.1840177
2534,238.6567836
2535,119.6899174
2536,198.0792284
2537,228.6334945
2538,204.1787599
2539,234.7494034
2540,266.4959148
2541,280.0888597
2542,286.1451969
2543,304.6157601
2544,341.4337795
2545,375.8520358
2546,399.2414123
2547,410.5075948
2548,409.5903615
2549,395.8904399
2550,367.8918159
2551,323.5227724
2552,266.6641452
2553,242.0072194
2554,260.7018857
2555,254.5769371
2556,227.3181901
2557,235.5592601
2558,236.2755437
2559,243.4243739
2560,281.6479611
2561,306.7299552
2562,309.8469175
2563,294.1061445
2564,268.7472733
2565,270.9566521
2566,319.7097147
2567,373.9025522
2568,419.063142
2569,456.1117967
2570,488.0666845
2571,517.7704152
2572,547.3559344
2573,578.0349438
2574,610.1817647
2575,643.6352635
2576,678.0203901
2577,712.9569007
2578,748.1455838
2579,783.3797828
2580,818.5271784
2581,712.9716807
2582,669.7312747
2583,624.3827311
2584,576.3968095
2585,524.9314191
2586,468.5079855
2587,404.2378517
2588,325.6557757
2589,213.7826225
2590,142.8756674
2591,229.6401082
2592,242.0675429
2593,241.3213127
2594,221.3416763
2595,178.4954527
2596,181.4490338
2597,209.2553859
2598,121.2629103
2599,200.6809343
2600,219.3851143
2601,226.4600389
2602,212.571501
2603,232.3000845
2604,304.6260272
2605,354.4721879
2606,385.230695
2607,401.2719467
2608,404.6810736
2609,396.3049331
2610,376.5885804
2611,347.2551432
2612,315.3179401
2613,293.7295127
2614,278.1602959
2615,236.9064442
2616,92.45376433
2617,214.354379
2618,261.3445593
2619,279.8585527
2620,294.2268517
2621,301.8753553
2622,299.5757609
2623,292.9089514
2624,294.7252493
2625,315.5853789
2626,354.8179798
2627,399.7502095
2628,441.6502832
2629,478.6662494
2630,511.8086048
2631,542.7443079
2632,572.9622128
2633,603.467482
2634,634.746838
2635,666.8924673
2636,699.7753731
2637,733.1873447
2638,766.9239567
2639,800.8184439
2640,834.747084
2641,720.3258036
2642,677.490372
2643,632.5827874
2644,585.059304
2645,534.0688566
2646,478.1932115
2647,414.9354931
2648,339.7775627
2649,246.1887096
2650,172.5166435
2651,212.1035146
2652,160.7429932
2653,188.2195093
2654,167.0057212
2655,159.4413021
2656,154.6302579
2657,222.991063
2658,220.2917325
2659,216.0386395
2660,148.3761388
2661,176.0676046
2662,167.4881799
2663,187.0751656
2664,282.4640204
2665,338.1324671
2666,372.6320199
2667,391.9745384
2668,399.2078448
2669,395.9795129
2670,383.5121356
2671,363.8349978
2672,340.6377465
2673,317.1461536
2674,290.3929878
2675,251.4905071
2676,210.0415082
2677,234.2536162
2678,268.6004381
2679,284.794983
2680,285.4602935
2681,278.3694083
2682,266.8479347
2683,262.6009776
2684,291.5218517
2685,334.5841945
2686,379.677074
2687,423.5532702
2688,464.1691262
2689,500.9889572
2690,534.6476441
2691,566.2381572
2692,596.8317393
2693,627.2414152
2694,657.9561653
2695,689.1834225
2696,720.9395848
2697,753.1402554
2698,785.6655857
2699,818.3972699
2700,851.2343523
2701,729.2509714
2702,687.0723852
2703,642.9866653
2704,596.5528775
2705,547.156402
2706,493.9682296
2707,436.0585269
2708,373.3154298
2709,310.7069309
2710,267.807421
2711,245.5125
2712,196.5625553
2713,200.4697987
2714,175.6760028
2715,167.2266042
2716,212.6718056
2717,241.8391033
2718,236.7425445
2719,224.6849999
2720,210.7851668
2721,218.2132096
2722,219.0076451
2723,224.3011823
2724,274.8707067
2725,325.5351203
2726,360.2236011
2727,380.9716744
2728,391.0119387
2729,391.9803509
2730,384.676233
2731,370.0750927
2732,349.20053
2733,321.7272454
2734,286.6215202
2735,252.2216785
2736,233.9587102
2737,230.4434365
2738,254.0142635
2739,270.3984473
2740,252.8290662
2741,223.5463994
2742,205.2601102
2743,179.317634
2744,274.9996878
2745,345.5704134
2746,399.725101
2747,445.6465022
2748,486.3383203
2749,523.1135711
2750,556.9611241
2751,588.8287503
2752,619.5700731
2753,649.857656
2754,680.145058
2755,710.68263
2756,741.5658493
2757,772.7915058
2758,804.3050663
2759,836.0330279
2760,867.9013372
2761,739.6705325
2762,698.3665319
2763,655.4094725
2764,610.5117682
2765,563.3556283
2766,513.6958817
2767,461.6979489
2768,408.8236667
2769,359.3162045
2770,319.0638569
2771,286.0668758
2772,255.849548
2773,239.0388334
2774,206.7584504
2775,106.6867
2776,224.7651331
2777,246.2265763
2778,205.8468382
2779,180.7761617
2780,232.9762248
2781,243.7596847
2782,219.6193007
2783,185.779249
2784,255.0377358
2785,311.7573409
2786,345.3533001
2787,365.6734549
2788,377.7868874
2789,382.3812505
2790,378.7695658
2791,366.7895659
2792,346.1053744
2793,313.6403554
2794,261.3057889
2795,197.971527
2796,202.2213007
2797,145.3002044
2798,220.2696335
2799,256.5871629
2800,220.4403764
2801,76.65696165
2802,188.3869017
2803,189.3624977
2804,290.636345
2805,365.6322074
2806,421.9802782
2807,468.3891354
2808,508.8594211
2809,545.3598697
2810,579.0829117
2811,610.9225789
2812,641.6035821
2813,671.6931693
2814,701.5967515
2815,731.5692515
2816,761.7431449
2817,792.1636929
2818,822.821979
2819,853.6805463
2820,884.6905512
2821,751.4542799
2822,711.1756957
2823,669.5266788
2824,626.3550138
2825,581.5546683
2826,535.1761196
2827,487.6440618
2828,440.0449696
2829,394.0328896
2830,350.2517863
2831,306.3269181
2832,262.8402306
2833,238.206545
2834,232.5430094
2835,227.7805821
2836,251.2844345
2837,255.1160184
2838,207.822233
2839,181.0887623
2840,238.9427989
2841,240.7201132
2842,204.6295039
2843,140.9489294
2844,245.4903814
2845,298.983293
2846,325.0071016
2847,342.2741961
2848,357.1258073
2849,366.1752469
2850,365.6321878
2851,354.9031127
2852,334.6097322
2853,302.1827172
2854,244.8806166
2855,130.1330789
2856,198.5570108
2857,190.3337726
2858,239.1929667
2859,272.6104119
2860,257.3601381
2861,233.3097239
2862,259.4563113
2863,290.2316954
2864,342.3106242
2865,399.133718
2866,449.4559837
2867,493.314226
2868,532.395048
2869,568.0567248
2870,601.2773391
2871,632.8029175
2872,663.2285888
2873,693.0232531
2874,722.5356749
2875,752.0032289
2876,781.568669
2877,811.302121
2878,841.2234579
2879,871.3214257
2880,901.5679656
2881,764.4430312
2882,725.2683209
2883,684.9865345
2884,643.5316067
2885,600.8919567
2886,557.162066
2887,512.5819338
2888,467.4346839
2889,421.4834372
2890,372.5750994
2891,314.5324847
2892,234.8720216
2893,172.4835302
2894,232.7493559
2895,255.4783663
2896,264.6338696
2897,266.8669628
2898,254.648211
2899,248.1800007
2900,249.8073882
2901,213.754567
2902,176.085182
2903,221.3109134
2904,263.9760331
2905,287.6265397
2906,293.1296618
2907,304.1627248
2908,327.0352069
2909,343.784283
2910,345.7299994
2911,333.8295998
2912,313.1141373
2913,287.6161683
2914,257.9081557
2915,238.5523246
2916,255.1076108
2917,272.4892918
2918,294.3183936
2919,312.4277157
2920,315.0564008
2921,316.4982282
2922,332.1635363
2923,358.7269249
2924,395.6015193
2925,438.2592104
2926,480.6279902
2927,520.2903961
2928,557.0355025
2929,591.314327
2930,623.6783908
2931,654.6387038
2932,684.6373673
2933,714.0396415
2934,743.1304182
2935,772.1161237
2936,801.132919
2937,830.2594623
2938,859.5313238
2939,888.9544969
2940,918.5165029
2941,778.4736228
2942,740.4229406
2943,701.4872604
2944,661.6417867
2945,620.8919342
2946,579.2697626
2947,536.7711244
2948,493.1331859
2949,447.293396
2950,396.3714904
2951,333.9424328
2952,246.9743667
2953,174.680618
2954,235.5884184
2955,247.0229108
2956,241.5716034
2957,256.8290203
2958,265.6015649
2959,265.5754153
2960,256.5061396
2961,209.1782817
2962,169.1591258
2963,247.4256305
2964,277.2460218
2965,273.1024699
2966,238.6046244
2967,238.8908319
2968,290.0891405
2969,318.8396515
2970,320.755718
2971,301.5657403
2972,273.0058882
2973,252.2676096
2974,248.29891
2975,269.0307194
2976,295.5399756
2977,318.2460752
2978,337.6535694
2979,353.0546193
2980,363.1831032
2981,373.2051792
2982,389.1107576
2983,412.2959892
2984,442.218686
2985,476.720954
2986,512.761307
2987,548.2651801
2988,582.3887217
2989,615.0025635
2990,646.2804265
2991,676.4964316
2992,705.9378308
2993,734.8664586
2994,763.5008965
2995,792.0098401
2996,820.5129956
2997,849.0869311
2998,877.7734691
2999,906.5885967
3000,935.5305282
3001,793.3960273
3002,756.451625
3003,718.8018604
3004,680.4375491
3005,641.3544417
3006,601.5245654
3007,560.8149118
3008,518.8125052
3009,474.5398301
3010,426.1932114
3011,371.646727
3012,313.47081
3013,274.9978611
3014,264.0551146
3015,225.6742019
3016,144.3873411
3017,221.6629291
3018,241.1989423
3019,244.8723307
3020,254.3710395
3021,250.7735136
3022,251.0774466
3023,274.7792051
3024,286.6310865
3025,266.6739877
3026,186.9041938
3027,165.9806006
3028,266.5546403
3029,298.7290146
3030,294.1507282
3031,259.5758718
3032,195.2962241
3033,177.9271009
3034,192.3447287
3035,270.9995399
3036,316.241916
3037,346.0079357
3038,368.3159118
3039,386.1269564
3040,401.0479655
3041,415.8852261
3042,433.6241669
3043,455.748827
3044,482.3066391
3045,512.2628878
3046,544.0191257
3047,576.1807324
3048,607.9123752
3049,638.8643541
3050,668.9840043
3051,698.3683276
3052,727.1755876
3053,755.576449
3054,783.7277651
3055,811.7596481
3056,839.7709285
3057,867.8299784
3058,895.9786472
3059,924.2375678
3060,952.6116041
3061,809.0809688
3062,773.2043643
3063,736.7678588
3064,699.7692414
3065,662.1984821
3066,624.0094493
3067,585.065102
3068,545.0598227
3069,503.4768151
3070,459.7887303
3071,414.4265222
3072,371.0364938
3073,336.0089282
3074,304.479179
3075,252.9697992
3076,189.5201051
3077,204.763698
3078,170.0532435
3079,163.5175663
3080,236.4129324
3081,266.4995676
3082,275.5291756
3083,286.0437786
3084,291.9783612
3085,279.2743718
3086,245.3387298
3087,241.031702
3088,276.1504417
3089,287.3063025
3090,266.4155388
3091,224.6517714
3092,146.6764064
3093,163.502451
3094,196.4599264
3095,277.9573688
3096,328.7135477
3097,363.0985109
3098,389.4061584
3099,411.2116381
3100,430.5214057
3101,449.2734834
3102,469.296108
3103,491.7520852
3104,516.958456
3105,544.5134066
3106,573.5974703
3107,603.3572883
3108,633.1586371
3109,662.6406644
3110,691.6593574
3111,720.2088943
3112,748.3581073
3113,776.2075463
3114,803.8628354
3115,831.4193961
3116,858.9549046
3117,886.5269177
3118,914.1737436
3119,941.9170965
3120,969.7654639
3121,825.4207595
3122,790.563417
3123,755.2662486
3124,719.5339045
3125,683.3623788
3126,646.7221264
3127,609.536552
3128,571.6753471
3129,533.0187352
3130,493.6996459
3131,454.5963216
3132,417.6158736
3133,384.001602
3134,350.5112206
3135,311.8184978
3136,274.4667925
3137,236.5372061
3138,161.2347468
3139,173.7022701
3140,239.7244749
3141,263.5548298
3142,261.251116
3143,269.2333394
3144,283.8737448
3145,289.606411
3146,287.3527846
3147,289.2286662
3148,294.4083768
3149,281.5188944
3150,230.1398406
3151,166.7367969
3152,181.1282927
3153,137.815598
3154,231.0576806
3155,291.0581955
3156,336.3269183
3157,372.6055393
3158,403.1670428
3159,429.714083
3160,453.5687048
3161,476.120557
3162,498.6987765
3163,522.2765143
3164,547.3129974
3165,573.7821117
3166,601.3317859
3167,629.4956557
3168,657.8608805
3169,686.1443693
3170,714.195818
3171,741.9672413
3172,769.4767225
3173,796.7781018
3174,823.9391623
3175,851.0274321
3176,878.1019364
3177,905.2092832
3178,932.3827037
3179,959.6429237
3180,987.0000039
3181,842.3270601
3182,808.4357146
3183,774.2048161
3184,739.6471726
3185,704.7719595
3186,669.5790937
3187,634.059289
3188,598.2160429
3189,562.1370156
3190,526.133137
3191,490.8715011
3192,457.1937925
3193,425.2624895
3194,393.8236746
3195,361.7572047
3196,330.0095998
3197,297.0998916
3198,267.9818122
3199,262.476429
3200,268.9039721
3201,253.7799948
3202,201.2240173
3203,215.8346743
3204,253.0643506
3205,281.6632725
3206,300.2198454
3207,307.658008
3208,304.5999587
3209,282.6281551
3210,225.8482131
3211,162.7494518
3212,199.5528683
3213,189.4248484
3214,246.9219224
3215,293.7135323
3216,335.0966365
3217,374.8918445
3218,411.2467758
3219,443.4472392
3220,472.146324
3221,498.5279307
3222,523.796933
3223,548.9060022
3224,574.4387673
3225,600.6164846
3226,627.3896247
3227,654.565726
3228,681.9232636
3229,709.2816415
3230,736.5267797
3231,763.6080532
3232,790.5228462
3233,817.2989688
3234,843.9796004
3235,870.6121519
3236,897.2409428
3237,923.9030373
3238,950.6264525
3239,977.4299882
3240,1004.324048
3241,859.7281742
3242,826.7473446
3243,793.5099177
3244,760.0362831
3245,726.3486421
3246,692.4720259
3247,658.4425439
3248,624.3309894
3249,590.2879489
3250,556.5968943
3251,523.6711922
3252,491.8847888
3253,461.2484214
3254,431.3346478
3255,401.8493182
3256,373.0586503
3257,345.7567288
3258,323.3932432
3259,309.1049821
3260,294.7469575
3261,259.5151681
3262,169.9811558
3263,168.9739465
3264,183.2101653
3265,258.8449171
3266,296.2325219
3267,307.1346121
3268,302.9680163
3269,283.9083009
3270,247.4413427
3271,219.4337814
3272,226.060447
3273,231.999037
3274,248.0776087
3275,275.6226476
3276,320.7081252
3277,370.83789
3278,415.9406662
3279,454.6876319
3280,488.3032077
3281,518.3553827
3282,546.2251242
3283,572.971616
3284,599.3071417
3285,625.6293722
3286,652.0929407
3287,678.698611
3288,705.3758375
3289,732.0419704
3290,758.6342819
3291,785.1205989
3292,811.4972527
3293,837.7815341
3294,864.0030942
3295,890.1964769
3296,916.3955692
3297,942.630015
3298,968.9233051
3299,995.2921376
3300,1021.746642
3301,877.5669307
3302,845.440648
3303,813.1243879
3304,780.6434149
3305,748.027918
3306,715.3161661
3307,682.5626537
3308,649.8534045
3309,617.3258023
3310,585.1776536
3311,553.6337905
3312,522.8462805
3313,492.7800219
3314,463.2369471
3315,434.0873681
3316,405.5227255
3317,378.3308635
3318,354.094391
3319,333.4727097
3320,312.9205313
3321,284.7588827
3322,247.3242808
3323,207.2647068
3324,173.2911654
3325,254.4536722
3326,287.5127876
3327,290.6166857
3328,284.0230938
3329,270.4667931
3330,234.1539878
3331,171.7565376
3332,205.3586914
3333,200.8399571
3334,205.6339066
3335,217.6286691
3336,295.5992023
3337,366.002027
3338,421.3835069
3339,466.3090418
3340,504.1674324
3341,537.3018136
3342,567.3829948
3343,595.6023013
3344,622.7753387
3345,649.4177422
3346,675.8175602
3347,702.1070434
3348,728.3268945
3349,754.4756565
3350,780.5415355
3351,806.5187992
3352,832.4133134
3353,858.2418367
3354,884.0285478
3355,909.8009644
3356,935.5863742
3357,961.4092241
3358,987.2895241
3359,1013.242129
3360,1039.276687
3361,895.7991521
3362,864.4728283
3363,833.0077598
3364,801.430347
3365,769.772221
3366,738.0727653
3367,706.383824
3368,674.7759334
3369,643.3417941
3370,612.1871536
3371,581.396997
3372,550.977542
3373,520.8070968
3374,490.6509331
3375,460.2570508
3376,429.4970414
3377,398.5605227
3378,368.1998171
3379,339.9480508
3380,316.1909125
3381,298.3608218
3382,284.0696832
3383,268.8969596
3384,263.5380555
3385,279.2729348
3386,280.137978
3387,253.8523172
3388,235.7744995
3389,236.3251087
3390,214.0339947
3391,156.6416536
3392,196.2579876
3393,115.335977
3394,149.682411
3395,152.2242109
3396,289.1015548
3397,372.021335
3398,432.8588525
3399,481.2325706
3400,521.6612105
3401,556.8035425
3402,588.4174493
3403,617.7226553
3404,645.565948
3405,672.5160174
3406,698.9335337
3407,725.0309011
3408,750.9233939
3409,776.6696703
3410,802.3004357
3411,827.8361281
3412,853.2960231
3413,878.7015909
3414,904.0765741
3415,929.4455735
3416,954.8322591
3417,980.2578079
3418,1005.739817
3419,1031.291736
3420,1056.922747
3421,914.3923037
3422,883.8148107
3423,853.1360882
3424,822.3801192
3425,791.5743313
3426,760.7503515
3427,729.9448297
3428,699.1987978
3429,668.5520109
3430,638.0268768
3431,607.5977966
3432,577.149254
3433,546.4373236
3434,515.0711887
3435,482.5141978
3436,448.0918219
3437,411.0400745
3438,370.8555091
3439,329.1357031
3440,295.4377522
3441,286.335206
3442,295.354368
3443,303.594861
3444,307.5744021
3445,305.3572384
3446,281.5295788
3447,208.9954385
3448,134.9117444
3449,171.9119975
3450,187.2014974
3451,230.7764112
3452,240.6421644
3453,203.0898654
3454,170.4433758
3455,248.8513546
3456,325.8709245
3457,395.9251
3458,453.4824804
3459,501.2769371
3460,542.0612417
3461,577.8657056
3462,610.1634866
3463,640.0304724
3464,668.2472228
3465,695.3671392
3466,721.7689402
3467,747.7013261
3468,773.3215026
3469,798.7267908
3470,823.9785256
3471,849.1184412
3472,874.1786964
3473,899.1871731
3474,924.1696705
3475,949.1503237
3476,974.1511925
3477,999.1916187
3478,1024.287674
3479,1049.451839
3480,1074.692942
3481,933.3239692
3482,903.4496032
3483,873.500287
3484,843.4950201
3485,813.4534096
3486,783.3945641
3487,753.3348018
3488,723.2826241
3489,693.2284086
3490,663.1257861
3491,632.8627725
3492,602.2236898
3493,570.8449908
3494,538.1634601
3495,503.3405641
3496,465.1269645
3497,421.6182177
3498,369.9069998
3499,306.4168415
3500,238.8711239
3501,241.4250419
3502,289.9627605
3503,321.3336184
3504,334.6745368
3505,331.4054726
3506,306.368603
3507,253.6971534
3508,214.5025897
3509,195.3192155
3510,217.0293241
3511,274.431107
3512,291.8922128
3513,284.5257354
3514,287.189209
3515,325.9052612
3516,378.3888899
3517,432.4550987
3518,482.2813908
3519,526.5273196
3520,565.7590322
3521,600.9691807
3522,633.1112128
3523,662.985065
3524,691.2236598
3525,718.3078144
3526,744.5897037
3527,770.3186944
3528,795.666527
3529,820.7497091
3530,845.6477542
3531,870.4167893
3532,895.0988363
3533,919.7275565
3534,944.331417
3535,968.9351729
3536,993.5603801
3537,1018.225444
3538,1042.945524
3539,1067.732469
3540,1092.594861
3541,952.5800121
3542,923.369981
3543,894.1030444
3544,864.7919523
3545,835.4470907
3546,806.073936
3547,776.6687572
3548,747.211281
3549,717.652551
3550,687.8960706
3551,657.7707482
3552,626.9946927
3553,595.1276194
3554,561.5034598
3555,525.1205221
3556,484.4384265
3557,436.9635571
3558,378.2750348
3559,299.0033542
3560,167.0461615
3561,195.362916
3562,292.1561338
3563,338.6676978
3564,359.4267609
3565,361.4998198
3566,347.3325083
3567,322.6430513
3568,302.7292613
3569,293.7778275
3570,304.5621994
3571,330.2747659
3572,346.8816583
3573,354.3253599
3574,366.6762028
3575,393.8584219
3576,431.9462963
3577,474.2511295
3578,516.2726993
3579,555.8545572
3580,592.4163554
3581,626.1295518
3582,657.4355198
3583,686.824175
3584,714.7433841
3585,741.5673994
3586,767.5919182
3587,793.041299
3588,818.0808488
3589,842.8302653
3590,867.3759928
3591,891.7813615
3592,916.0941788
3593,940.3519555
3594,964.5852206
3595,988.8194465
3596,1013.076068
3597,1037.372974
3598,1061.72474
3599,1086.142773
3600,1110.635466
