<?xml version="1.0" encoding="UTF-8"?>
<?xml-stylesheet type="text/xsl" href="http://ivyrep.jayasoft.org/ivy-doc.xsl"?>
<!--
  == Licensed to Julian Hyde under one or more contributor license
  == agreements. See the NOTICE file distributed with this work for
  == additional information regarding copyright ownership.
  ==
  == Julian Hyde licenses this file to you under the Apache License,
  == Version 2.0 (the "License"); you may not use this file except in
  == compliance with the License. You may obtain a copy of the License at:
  ==
  == http://www.apache.org/licenses/LICENSE-2.0
  ==
  == Unless required by applicable law or agreed to in writing, software
  == distributed under the License is distributed on an "AS IS" BASIS,
  == WITHOUT WARRANTIES OR CONDITIONS OF ANY KIND, either express or implied.
  == See the License for the specific language governing permissions and
  == limitations under the License.
  -->
<ivy-module
    version="2.0"
    xmlns:xsi="http://www.w3.org/2001/XMLSchema-instance"
    xmlns:m="http://ant.apache.org/ivy/maven"
    xsi:noNamespaceSchemaLocation="http://ant.apache.org/ivy/schemas/ivy.xsd">
  <info organisation="${ivy.artifact.group}" module="${ivy.artifact.id}-xmla" revision="${project.revision}">
      <license name="Apache 2.0" url="http://www.apache.org/licenses/LICENSE-2.0"/>
      <ivyauthor name="Julian Hyde" />
      <repository name="pentaho-repository" url="http://repo.pentaho.org/artifactory"/>
      <description homepage="http://olap4j.org">
          XML/A driver for olap4j.
      </description>
  </info>
  <configurations>
    <conf name="default"/>
    <conf name="default.transitive"/>
  </configurations>

  <publications>
    <artifact name="${ivy.artifact.id}-xmla" type="jar" conf="default" />
  </publications>

  <dependencies defaultconf="default->default">
    <dependency org="org.olap4j" name="olap4j" rev="${project.revision}"
        conf="default.transitive"/>
    <dependency org="xerces" name="xercesImpl" rev="2.6.0"/>
  </dependencies>
</ivy-module>

<!-- End ivy-xmla.xml -->
