x,y,dist,ffreq,part.a,part.b
526467,997400,0,0,0,0
528401,997400,0,0,0,0
530335,997400,0,0,0,0
532269,997400,0,0,0,0
534203,997400,0,0,0,0
536137,997400,0,0,0,0
538071,997400,0,0,0,0
540005,997400,0,0,0,0
541939,997400,0,0,0,0
543873,997400,0,0,0,0
545807,997400,0,0,0,0
547741,997400,0,0,0,0
549675,997400,0,0,0,0
551609,997400,0,0,0,0
553543,997400,0,0,0,0
555477,997400,0,0,0,0
557411,997400,0,0,0,0
559345,997400,0,0,0,0
561279,997400,0,0,0,0
563213,997400,0,0,0,0
565147,997400,0,0,0,0
567081,997400,0,0,0,0
569015,997400,0,0,0,0
570949,997400,0,0,0,0
572883,997400,0,0,0,0
574817,997400,0,0,0,0
576751,997400,0,0,0,0
578685,997400,0,0,0,0
580619,997400,0,0,0,0
582553,997400,0,0,0,0
584487,997400,0,0,0,0
586421,997400,0,0,0,0
588355,997400,0,0,0,0
590289,997400,0,0,0,0
592223,997400,0,0,0,0
594157,997400,0,0,0,0
596091,997400,0,0,0,0
598025,997400,0,0,0,0
599959,997400,0,0,0,0
601893,997400,0,0,0,0
603827,997400,0,0,0,0
605761,997400,0,0,0,0
607695,997400,0,0,0,0
609629,997400,0,0,0,0
611563,997400,0,0,0,0
613497,997400,0,0,0,0
615431,997400,0,0,0,0
617365,997400,0,0,0,0
619299,997400,0,0,0,0
621233,997400,0,0,0,0
623167,997400,0,0,0,0
625101,997400,0,0,0,0
627035,997400,0,0,0,0
628969,997400,0,0,0,0
630903,997400,0,0,0,0
632837,997400,0,0,0,0
634771,997400,0,0,0,0
636705,997400,0,0,0,0
638639,997400,0,0,0,0
640573,997400,0,0,0,0
526467,999200,0,0,0,0
528401,999200,0,0,0,0
530335,999200,0,0,0,0
532269,999200,0,0,0,0
534203,999200,0,0,0,0
536137,999200,0,0,0,0
538071,999200,0,0,0,0
540005,999200,0,0,0,0
541939,999200,0,0,0,0
543873,999200,0,0,0,0
545807,999200,0,0,0,0
547741,999200,0,0,0,0
549675,999200,0,0,0,0
551609,999200,0,0,0,0
553543,999200,0,0,0,0
555477,999200,0,0,0,0
557411,999200,0,0,0,0
559345,999200,0,0,0,0
561279,999200,0,0,0,0
563213,999200,0,0,0,0
565147,999200,0,0,0,0
567081,999200,0,0,0,0
569015,999200,0,0,0,0
570949,999200,0,0,0,0
572883,999200,0,0,0,0
574817,999200,0,0,0,0
576751,999200,0,0,0,0
578685,999200,0,0,0,0
580619,999200,0,0,0,0
582553,999200,0,0,0,0
584487,999200,0,0,0,0
586421,999200,0,0,0,0
588355,999200,0,0,0,0
590289,999200,0,0,0,0
592223,999200,0,0,0,0
594157,999200,0,0,0,0
596091,999200,0,0,0,0
598025,999200,0,0,0,0
599959,999200,0,0,0,0
601893,999200,0,0,0,0
603827,999200,0,0,0,0
605761,999200,0,0,0,0
607695,999200,0,0,0,0
609629,999200,0,0,0,0
611563,999200,0,0,0,0
613497,999200,0,0,0,0
615431,999200,0,0,0,0
617365,999200,0,0,0,0
619299,999200,0,0,0,0
621233,999200,0,0,0,0
623167,999200,0,0,0,0
625101,999200,0,0,0,0
627035,999200,0,0,0,0
628969,999200,0,0,0,0
630903,999200,0,0,0,0
632837,999200,0,0,0,0
634771,999200,0,0,0,0
636705,999200,0,0,0,0
638639,999200,0,0,0,0
640573,999200,0,0,0,0
526467,1001000,0,0,0,0
528401,1001000,0,0,0,0
530335,1001000,0,0,0,0
532269,1001000,0,0,0,0
534203,1001000,0,0,0,0
536137,1001000,0,0,0,0
538071,1001000,0,0,0,0
540005,1001000,0,0,0,0
541939,1001000,0,0,0,0
543873,1001000,0,0,0,0
545807,1001000,0,0,0,0
547741,1001000,0,0,0,0
549675,1001000,0,0,0,0
551609,1001000,0,0,0,0
553543,1001000,0,0,0,0
555477,1001000,0,0,0,0
557411,1001000,0,0,0,0
559345,1001000,0,0,0,0
561279,1001000,0,0,0,0
563213,1001000,0,0,0,0
565147,1001000,0,0,0,0
567081,1001000,0,0,0,0
569015,1001000,0,0,0,0
570949,1001000,0,0,0,0
572883,1001000,0,0,0,0
574817,1001000,0,0,0,0
576751,1001000,0,0,0,0
578685,1001000,0,0,0,0
580619,1001000,0,0,0,0
582553,1001000,0,0,0,0
584487,1001000,0,0,0,0
586421,1001000,0,0,0,0
588355,1001000,0,0,0,0
590289,1001000,0,0,0,0
592223,1001000,0,0,0,0
594157,1001000,0,0,0,0
596091,1001000,0,0,0,0
598025,1001000,0,0,0,0
599959,1001000,0,0,0,0
601893,1001000,0,0,0,0
603827,1001000,0,0,0,0
605761,1001000,0,0,0,0
607695,1001000,0,0,0,0
609629,1001000,0,0,0,0
611563,1001000,0,0,0,0
613497,1001000,0,0,0,0
615431,1001000,0,0,0,0
617365,1001000,0,0,0,0
619299,1001000,0,0,0,0
621233,1001000,0,0,0,0
623167,1001000,0,0,0,0
625101,1001000,0,0,0,0
627035,1001000,0,0,0,0
628969,1001000,0,0,0,0
630903,1001000,0,0,0,0
632837,1001000,0,0,0,0
634771,1001000,0,0,0,0
636705,1001000,0,0,0,0
638639,1001000,0,0,0,0
640573,1001000,0,0,0,0
526467,1002800,0,0,0,0
528401,1002800,0,0,0,0
530335,1002800,0,0,0,0
532269,1002800,0,0,0,0
534203,1002800,0,0,0,0
536137,1002800,0,0,0,0
538071,1002800,0,0,0,0
540005,1002800,0,0,0,0
541939,1002800,0,0,0,0
543873,1002800,0,0,0,0
545807,1002800,0,0,0,0
547741,1002800,0,0,0,0
549675,1002800,0,0,0,0
551609,1002800,0,0,0,0
553543,1002800,0,0,0,0
555477,1002800,0,0,0,0
557411,1002800,0,0,0,0
559345,1002800,0,0,0,0
561279,1002800,0,0,0,0
563213,1002800,0,0,0,0
565147,1002800,0,0,0,0
567081,1002800,0,0,0,0
569015,1002800,0,0,0,0
570949,1002800,0,0,0,0
572883,1002800,0,0,0,0
574817,1002800,0,0,0,0
576751,1002800,0,0,0,0
578685,1002800,0,0,0,0
580619,1002800,0,0,0,0
582553,1002800,0,0,0,0
584487,1002800,0,0,0,0
586421,1002800,0,0,0,0
588355,1002800,0,0,0,0
590289,1002800,0,0,0,0
592223,1002800,0,0,0,0
594157,1002800,0,0,0,0
596091,1002800,0,0,0,0
598025,1002800,0,0,0,0
599959,1002800,0,0,0,0
601893,1002800,0,0,0,0
603827,1002800,0,0,0,0
605761,1002800,0,0,0,0
607695,1002800,0,0,0,0
609629,1002800,0,0,0,0
611563,1002800,0,0,0,0
613497,1002800,0,0,0,0
615431,1002800,0,0,0,0
617365,1002800,0,0,0,0
619299,1002800,0,0,0,0
621233,1002800,0,0,0,0
623167,1002800,0,0,0,0
625101,1002800,0,0,0,0
627035,1002800,0,0,0,0
628969,1002800,0,0,0,0
630903,1002800,0,0,0,0
632837,1002800,0,0,0,0
634771,1002800,0,0,0,0
636705,1002800,0,0,0,0
638639,1002800,0,0,0,0
640573,1002800,0,0,0,0
526467,1004600,0,0,0,0
528401,1004600,0,0,0,0
530335,1004600,0,0,0,0
532269,1004600,0,0,0,0
534203,1004600,0,0,0,0
536137,1004600,0,0,0,0
538071,1004600,0,0,0,0
540005,1004600,0,0,0,0
541939,1004600,0,0,0,0
543873,1004600,0,0,0,0
545807,1004600,0,0,0,0
547741,1004600,0,0,0,0
549675,1004600,0,0,0,0
551609,1004600,0,0,0,0
553543,1004600,0,0,0,0
555477,1004600,0,0,0,0
557411,1004600,0,0,0,0
559345,1004600,0,0,0,0
561279,1004600,0,0,0,0
563213,1004600,0,0,0,0
565147,1004600,0,0,0,0
567081,1004600,0,0,0,0
569015,1004600,0,0,0,0
570949,1004600,0,0,0,0
572883,1004600,0,0,0,0
574817,1004600,0,0,0,0
576751,1004600,0,0,0,0
578685,1004600,0,0,0,0
580619,1004600,0,0,0,0
582553,1004600,0,0,0,0
584487,1004600,0,0,0,0
586421,1004600,0,0,0,0
588355,1004600,0,0,0,0
590289,1004600,0,0,0,0
592223,1004600,0,0,0,0
594157,1004600,0,0,0,0
596091,1004600,0,0,0,0
598025,1004600,0,0,0,0
599959,1004600,0,0,0,0
601893,1004600,0,0,0,0
603827,1004600,0,0,0,0
605761,1004600,0,0,0,0
607695,1004600,0,0,0,0
609629,1004600,0,0,0,0
611563,1004600,0,0,0,0
613497,1004600,0,0,0,0
615431,1004600,0,0,0,0
617365,1004600,0,0,0,0
619299,1004600,0,0,0,0
621233,1004600,0,0,0,0
623167,1004600,0,0,0,0
625101,1004600,0,0,0,0
627035,1004600,0,0,0,0
628969,1004600,0,0,0,0
630903,1004600,0,0,0,0
632837,1004600,0,0,0,0
634771,1004600,0,0,0,0
636705,1004600,0,0,0,0
638639,1004600,0,0,0,0
640573,1004600,0,0,0,0
526467,1006400,0,0,0,0
528401,1006400,0,0,0,0
530335,1006400,0,0,0,0
532269,1006400,0,0,0,0
534203,1006400,0,0,0,0
536137,1006400,0,0,0,0
538071,1006400,0,0,0,0
540005,1006400,0,0,0,0
541939,1006400,0,0,0,0
543873,1006400,0,0,0,0
545807,1006400,0,0,0,0
547741,1006400,0,0,0,0
549675,1006400,0,0,0,0
551609,1006400,0,0,0,0
553543,1006400,0,0,0,0
555477,1006400,0,0,0,0
557411,1006400,0,0,0,0
559345,1006400,0,0,0,0
561279,1006400,0,0,0,0
563213,1006400,0,0,0,0
565147,1006400,0,0,0,0
567081,1006400,0,0,0,0
569015,1006400,0,0,0,0
570949,1006400,0,0,0,0
572883,1006400,0,0,0,0
574817,1006400,0,0,0,0
576751,1006400,0,0,0,0
578685,1006400,0,0,0,0
580619,1006400,0,0,0,0
582553,1006400,0,0,0,0
584487,1006400,0,0,0,0
586421,1006400,0,0,0,0
588355,1006400,0,0,0,0
590289,1006400,0,0,0,0
592223,1006400,0,0,0,0
594157,1006400,0,0,0,0
596091,1006400,0,0,0,0
598025,1006400,0,0,0,0
599959,1006400,0,0,0,0
601893,1006400,0,0,0,0
603827,1006400,0,0,0,0
605761,1006400,0,0,0,0
607695,1006400,0,0,0,0
609629,1006400,0,0,0,0
611563,1006400,0,0,0,0
613497,1006400,0,0,0,0
615431,1006400,0,0,0,0
617365,1006400,0,0,0,0
619299,1006400,0,0,0,0
621233,1006400,0,0,0,0
623167,1006400,0,0,0,0
625101,1006400,0,0,0,0
627035,1006400,0,0,0,0
628969,1006400,0,0,0,0
630903,1006400,0,0,0,0
632837,1006400,0,0,0,0
634771,1006400,0,0,0,0
636705,1006400,0,0,0,0
638639,1006400,0,0,0,0
640573,1006400,0,0,0,0
526467,1008200,0,0,0,0
528401,1008200,0,0,0,0
530335,1008200,0,0,0,0
532269,1008200,0,0,0,0
534203,1008200,0,0,0,0
536137,1008200,0,0,0,0
538071,1008200,0,0,0,0
540005,1008200,0,0,0,0
541939,1008200,0,0,0,0
543873,1008200,0,0,0,0
545807,1008200,0,0,0,0
547741,1008200,0,0,0,0
549675,1008200,0,0,0,0
551609,1008200,0,0,0,0
553543,1008200,0,0,0,0
555477,1008200,0,0,0,0
557411,1008200,0,0,0,0
559345,1008200,0,0,0,0
561279,1008200,0,0,0,0
563213,1008200,0,0,0,0
565147,1008200,0,0,0,0
567081,1008200,0,0,0,0
569015,1008200,0,0,0,0
570949,1008200,0,0,0,0
572883,1008200,0,0,0,0
574817,1008200,0,0,0,0
576751,1008200,0,0,0,0
578685,1008200,0,0,0,0
580619,1008200,0,0,0,0
582553,1008200,0,0,0,0
584487,1008200,0,0,0,0
586421,1008200,0,0,0,0
588355,1008200,0,0,0,0
590289,1008200,0,0,0,0
592223,1008200,0,0,0,0
594157,1008200,0,0,0,0
596091,1008200,0,0,0,0
598025,1008200,0,0,0,0
599959,1008200,0,0,0,0
601893,1008200,0,0,0,0
603827,1008200,0,0,0,0
605761,1008200,0,0,0,0
607695,1008200,0,0,0,0
609629,1008200,0,0,0,0
611563,1008200,0,0,0,0
613497,1008200,0,0,0,0
615431,1008200,0,0,0,0
617365,1008200,0,0,0,0
619299,1008200,0,0,0,0
621233,1008200,0,0,0,0
623167,1008200,0,0,0,0
625101,1008200,0,0,0,0
627035,1008200,0,0,0,0
628969,1008200,0,0,0,0
630903,1008200,0,0,0,0
632837,1008200,0,0,0,0
634771,1008200,0,0,0,0
636705,1008200,0,0,0,0
638639,1008200,0,0,0,0
640573,1008200,0,0,0,0
526467,1010000,0,0,0,0
528401,1010000,0,0,0,0
530335,1010000,0,0,0,0
532269,1010000,0,0,0,0
534203,1010000,0,0,0,0
536137,1010000,0,0,0,0
538071,1010000,0,0,0,0
540005,1010000,0,0,0,0
541939,1010000,0,0,0,0
543873,1010000,0,0,0,0
545807,1010000,0,0,0,0
547741,1010000,0,0,0,0
549675,1010000,0,0,0,0
551609,1010000,0,0,0,0
553543,1010000,0,0,0,0
555477,1010000,0,0,0,0
557411,1010000,0,0,0,0
559345,1010000,0,0,0,0
561279,1010000,0,0,0,0
563213,1010000,0,0,0,0
565147,1010000,0,0,0,0
567081,1010000,0,0,0,0
569015,1010000,0,0,0,0
570949,1010000,0,0,0,0
572883,1010000,0,0,0,0
574817,1010000,0,0,0,0
576751,1010000,0,0,0,0
578685,1010000,0,0,0,0
580619,1010000,0,0,0,0
582553,1010000,0,0,0,0
584487,1010000,0,0,0,0
586421,1010000,0,0,0,0
588355,1010000,0,0,0,0
590289,1010000,0,0,0,0
592223,1010000,0,0,0,0
594157,1010000,0,0,0,0
596091,1010000,0,0,0,0
598025,1010000,0,0,0,0
599959,1010000,0,0,0,0
601893,1010000,0,0,0,0
603827,1010000,0,0,0,0
605761,1010000,0,0,0,0
607695,1010000,0,0,0,0
609629,1010000,0,0,0,0
611563,1010000,0,0,0,0
613497,1010000,0,0,0,0
615431,1010000,0,0,0,0
617365,1010000,0,0,0,0
619299,1010000,0,0,0,0
621233,1010000,0,0,0,0
623167,1010000,0,0,0,0
625101,1010000,0,0,0,0
627035,1010000,0,0,0,0
628969,1010000,0,0,0,0
630903,1010000,0,0,0,0
632837,1010000,0,0,0,0
634771,1010000,0,0,0,0
636705,1010000,0,0,0,0
638639,1010000,0,0,0,0
640573,1010000,0,0,0,0
526467,1011800,0,0,0,0
528401,1011800,0,0,0,0
530335,1011800,0,0,0,0
532269,1011800,0,0,0,0
534203,1011800,0,0,0,0
536137,1011800,0,0,0,0
538071,1011800,0,0,0,0
540005,1011800,0,0,0,0
541939,1011800,0,0,0,0
543873,1011800,0,0,0,0
545807,1011800,0,0,0,0
547741,1011800,0,0,0,0
549675,1011800,0,0,0,0
551609,1011800,0,0,0,0
553543,1011800,0,0,0,0
555477,1011800,0,0,0,0
557411,1011800,0,0,0,0
559345,1011800,0,0,0,0
561279,1011800,0,0,0,0
563213,1011800,0,0,0,0
565147,1011800,0,0,0,0
567081,1011800,0,0,0,0
569015,1011800,0,0,0,0
570949,1011800,0,0,0,0
572883,1011800,0,0,0,0
574817,1011800,0,0,0,0
576751,1011800,0,0,0,0
578685,1011800,0,0,0,0
580619,1011800,0,0,0,0
582553,1011800,0,0,0,0
584487,1011800,0,0,0,0
586421,1011800,0,0,0,0
588355,1011800,0,0,0,0
590289,1011800,0,0,0,0
592223,1011800,0,0,0,0
594157,1011800,0,0,0,0
596091,1011800,0,0,0,0
598025,1011800,0,0,0,0
599959,1011800,0,0,0,0
601893,1011800,0,0,0,0
603827,1011800,0,0,0,0
605761,1011800,0,0,0,0
607695,1011800,0,0,0,0
609629,1011800,0,0,0,0
611563,1011800,0,0,0,0
613497,1011800,0,0,0,0
615431,1011800,0,0,0,0
617365,1011800,0,0,0,0
619299,1011800,0,0,0,0
621233,1011800,0,0,0,0
623167,1011800,0,0,0,0
625101,1011800,0,0,0,0
627035,1011800,0,0,0,0
628969,1011800,0,0,0,0
630903,1011800,0,0,0,0
632837,1011800,0,0,0,0
634771,1011800,0,0,0,0
636705,1011800,0,0,0,0
638639,1011800,0,0,0,0
640573,1011800,0,0,0,0
526467,1013600,0,0,0,0
528401,1013600,0,0,0,0
530335,1013600,0,0,0,0
532269,1013600,0,0,0,0
534203,1013600,0,0,0,0
536137,1013600,0,0,0,0
538071,1013600,0,0,0,0
540005,1013600,0,0,0,0
541939,1013600,0,0,0,0
543873,1013600,0,0,0,0
545807,1013600,0,0,0,0
547741,1013600,0,0,0,0
549675,1013600,0,0,0,0
551609,1013600,0,0,0,0
553543,1013600,0,0,0,0
555477,1013600,0,0,0,0
557411,1013600,0,0,0,0
559345,1013600,0,0,0,0
561279,1013600,0,0,0,0
563213,1013600,0,0,0,0
565147,1013600,0,0,0,0
567081,1013600,0,0,0,0
569015,1013600,0,0,0,0
570949,1013600,0,0,0,0
572883,1013600,0,0,0,0
574817,1013600,0,0,0,0
576751,1013600,0,0,0,0
578685,1013600,0,0,0,0
580619,1013600,0,0,0,0
582553,1013600,0,0,0,0
584487,1013600,0,0,0,0
586421,1013600,0,0,0,0
588355,1013600,0,0,0,0
590289,1013600,0,0,0,0
592223,1013600,0,0,0,0
594157,1013600,0,0,0,0
596091,1013600,0,0,0,0
598025,1013600,0,0,0,0
599959,1013600,0,0,0,0
601893,1013600,0,0,0,0
603827,1013600,0,0,0,0
605761,1013600,0,0,0,0
607695,1013600,0,0,0,0
609629,1013600,0,0,0,0
611563,1013600,0,0,0,0
613497,1013600,0,0,0,0
615431,1013600,0,0,0,0
617365,1013600,0,0,0,0
619299,1013600,0,0,0,0
621233,1013600,0,0,0,0
623167,1013600,0,0,0,0
625101,1013600,0,0,0,0
627035,1013600,0,0,0,0
628969,1013600,0,0,0,0
630903,1013600,0,0,0,0
632837,1013600,0,0,0,0
634771,1013600,0,0,0,0
636705,1013600,0,0,0,0
638639,1013600,0,0,0,0
640573,1013600,0,0,0,0
526467,1015400,0,0,0,0
528401,1015400,0,0,0,0
530335,1015400,0,0,0,0
532269,1015400,0,0,0,0
534203,1015400,0,0,0,0
536137,1015400,0,0,0,0
538071,1015400,0,0,0,0
540005,1015400,0,0,0,0
541939,1015400,0,0,0,0
543873,1015400,0,0,0,0
545807,1015400,0,0,0,0
547741,1015400,0,0,0,0
549675,1015400,0,0,0,0
551609,1015400,0,0,0,0
553543,1015400,0,0,0,0
555477,1015400,0,0,0,0
557411,1015400,0,0,0,0
559345,1015400,0,0,0,0
561279,1015400,0,0,0,0
563213,1015400,0,0,0,0
565147,1015400,0,0,0,0
567081,1015400,0,0,0,0
569015,1015400,0,0,0,0
570949,1015400,0,0,0,0
572883,1015400,0,0,0,0
574817,1015400,0,0,0,0
576751,1015400,0,0,0,0
578685,1015400,0,0,0,0
580619,1015400,0,0,0,0
582553,1015400,0,0,0,0
584487,1015400,0,0,0,0
586421,1015400,0,0,0,0
588355,1015400,0,0,0,0
590289,1015400,0,0,0,0
592223,1015400,0,0,0,0
594157,1015400,0,0,0,0
596091,1015400,0,0,0,0
598025,1015400,0,0,0,0
599959,1015400,0,0,0,0
601893,1015400,0,0,0,0
603827,1015400,0,0,0,0
605761,1015400,0,0,0,0
607695,1015400,0,0,0,0
609629,1015400,0,0,0,0
611563,1015400,0,0,0,0
613497,1015400,0,0,0,0
615431,1015400,0,0,0,0
617365,1015400,0,0,0,0
619299,1015400,0,0,0,0
621233,1015400,0,0,0,0
623167,1015400,0,0,0,0
625101,1015400,0,0,0,0
627035,1015400,0,0,0,0
628969,1015400,0,0,0,0
630903,1015400,0,0,0,0
632837,1015400,0,0,0,0
634771,1015400,0,0,0,0
636705,1015400,0,0,0,0
638639,1015400,0,0,0,0
640573,1015400,0,0,0,0
526467,1017200,0,0,0,0
528401,1017200,0,0,0,0
530335,1017200,0,0,0,0
532269,1017200,0,0,0,0
534203,1017200,0,0,0,0
536137,1017200,0,0,0,0
538071,1017200,0,0,0,0
540005,1017200,0,0,0,0
541939,1017200,0,0,0,0
543873,1017200,0,0,0,0
545807,1017200,0,0,0,0
547741,1017200,0,0,0,0
549675,1017200,0,0,0,0
551609,1017200,0,0,0,0
553543,1017200,0,0,0,0
555477,1017200,0,0,0,0
557411,1017200,0,0,0,0
559345,1017200,0,0,0,0
561279,1017200,0,0,0,0
563213,1017200,0,0,0,0
565147,1017200,0,0,0,0
567081,1017200,0,0,0,0
569015,1017200,0,0,0,0
570949,1017200,0,0,0,0
572883,1017200,0,0,0,0
574817,1017200,0,0,0,0
576751,1017200,0,0,0,0
578685,1017200,0,0,0,0
580619,1017200,0,0,0,0
582553,1017200,0,0,0,0
584487,1017200,0,0,0,0
586421,1017200,0,0,0,0
588355,1017200,0,0,0,0
590289,1017200,0,0,0,0
592223,1017200,0,0,0,0
594157,1017200,0,0,0,0
596091,1017200,0,0,0,0
598025,1017200,0,0,0,0
599959,1017200,0,0,0,0
601893,1017200,0,0,0,0
603827,1017200,0,0,0,0
605761,1017200,0,0,0,0
607695,1017200,0,0,0,0
609629,1017200,0,0,0,0
611563,1017200,0,0,0,0
613497,1017200,0,0,0,0
615431,1017200,0,0,0,0
617365,1017200,0,0,0,0
619299,1017200,0,0,0,0
621233,1017200,0,0,0,0
623167,1017200,0,0,0,0
625101,1017200,0,0,0,0
627035,1017200,0,0,0,0
628969,1017200,0,0,0,0
630903,1017200,0,0,0,0
632837,1017200,0,0,0,0
634771,1017200,0,0,0,0
636705,1017200,0,0,0,0
638639,1017200,0,0,0,0
640573,1017200,0,0,0,0
526467,1019000,0,0,0,0
528401,1019000,0,0,0,0
530335,1019000,0,0,0,0
532269,1019000,0,0,0,0
534203,1019000,0,0,0,0
536137,1019000,0,0,0,0
538071,1019000,0,0,0,0
540005,1019000,0,0,0,0
541939,1019000,0,0,0,0
543873,1019000,0,0,0,0
545807,1019000,0,0,0,0
547741,1019000,0,0,0,0
549675,1019000,0,0,0,0
551609,1019000,0,0,0,0
553543,1019000,0,0,0,0
555477,1019000,0,0,0,0
557411,1019000,0,0,0,0
559345,1019000,0,0,0,0
561279,1019000,0,0,0,0
563213,1019000,0,0,0,0
565147,1019000,0,0,0,0
567081,1019000,0,0,0,0
569015,1019000,0,0,0,0
570949,1019000,0,0,0,0
572883,1019000,0,0,0,0
574817,1019000,0,0,0,0
576751,1019000,0,0,0,0
578685,1019000,0,0,0,0
580619,1019000,0,0,0,0
582553,1019000,0,0,0,0
584487,1019000,0,0,0,0
586421,1019000,0,0,0,0
588355,1019000,0,0,0,0
590289,1019000,0,0,0,0
592223,1019000,0,0,0,0
594157,1019000,0,0,0,0
596091,1019000,0,0,0,0
598025,1019000,0,0,0,0
599959,1019000,0,0,0,0
601893,1019000,0,0,0,0
603827,1019000,0,0,0,0
605761,1019000,0,0,0,0
607695,1019000,0,0,0,0
609629,1019000,0,0,0,0
611563,1019000,0,0,0,0
613497,1019000,0,0,0,0
615431,1019000,0,0,0,0
617365,1019000,0,0,0,0
619299,1019000,0,0,0,0
621233,1019000,0,0,0,0
623167,1019000,0,0,0,0
625101,1019000,0,0,0,0
627035,1019000,0,0,0,0
628969,1019000,0,0,0,0
630903,1019000,0,0,0,0
632837,1019000,0,0,0,0
634771,1019000,0,0,0,0
636705,1019000,0,0,0,0
638639,1019000,0,0,0,0
640573,1019000,0,0,0,0
526467,1020800,0,0,0,0
528401,1020800,0,0,0,0
530335,1020800,0,0,0,0
532269,1020800,0,0,0,0
534203,1020800,0,0,0,0
536137,1020800,0,0,0,0
538071,1020800,0,0,0,0
540005,1020800,0,0,0,0
541939,1020800,0,0,0,0
543873,1020800,0,0,0,0
545807,1020800,0,0,0,0
547741,1020800,0,0,0,0
549675,1020800,0,0,0,0
551609,1020800,0,0,0,0
553543,1020800,0,0,0,0
555477,1020800,0,0,0,0
557411,1020800,0,0,0,0
559345,1020800,0,0,0,0
561279,1020800,0,0,0,0
563213,1020800,0,0,0,0
565147,1020800,0,0,0,0
567081,1020800,0,0,0,0
569015,1020800,0,0,0,0
570949,1020800,0,0,0,0
572883,1020800,0,0,0,0
574817,1020800,0,0,0,0
576751,1020800,0,0,0,0
578685,1020800,0,0,0,0
580619,1020800,0,0,0,0
582553,1020800,0,0,0,0
584487,1020800,0,0,0,0
586421,1020800,0,0,0,0
588355,1020800,0,0,0,0
590289,1020800,0,0,0,0
592223,1020800,0,0,0,0
594157,1020800,0,0,0,0
596091,1020800,0,0,0,0
598025,1020800,0,0,0,0
599959,1020800,0,0,0,0
601893,1020800,0,0,0,0
603827,1020800,0,0,0,0
605761,1020800,0,0,0,0
607695,1020800,0,0,0,0
609629,1020800,0,0,0,0
611563,1020800,0,0,0,0
613497,1020800,0,0,0,0
615431,1020800,0,0,0,0
617365,1020800,0,0,0,0
619299,1020800,0,0,0,0
621233,1020800,0,0,0,0
623167,1020800,0,0,0,0
625101,1020800,0,0,0,0
627035,1020800,0,0,0,0
628969,1020800,0,0,0,0
630903,1020800,0,0,0,0
632837,1020800,0,0,0,0
634771,1020800,0,0,0,0
636705,1020800,0,0,0,0
638639,1020800,0,0,0,0
640573,1020800,0,0,0,0
526467,1022600,0,0,0,0
528401,1022600,0,0,0,0
530335,1022600,0,0,0,0
532269,1022600,0,0,0,0
534203,1022600,0,0,0,0
536137,1022600,0,0,0,0
538071,1022600,0,0,0,0
540005,1022600,0,0,0,0
541939,1022600,0,0,0,0
543873,1022600,0,0,0,0
545807,1022600,0,0,0,0
547741,1022600,0,0,0,0
549675,1022600,0,0,0,0
551609,1022600,0,0,0,0
553543,1022600,0,0,0,0
555477,1022600,0,0,0,0
557411,1022600,0,0,0,0
559345,1022600,0,0,0,0
561279,1022600,0,0,0,0
563213,1022600,0,0,0,0
565147,1022600,0,0,0,0
567081,1022600,0,0,0,0
569015,1022600,0,0,0,0
570949,1022600,0,0,0,0
572883,1022600,0,0,0,0
574817,1022600,0,0,0,0
576751,1022600,0,0,0,0
578685,1022600,0,0,0,0
580619,1022600,0,0,0,0
582553,1022600,0,0,0,0
584487,1022600,0,0,0,0
586421,1022600,0,0,0,0
588355,1022600,0,0,0,0
590289,1022600,0,0,0,0
592223,1022600,0,0,0,0
594157,1022600,0,0,0,0
596091,1022600,0,0,0,0
598025,1022600,0,0,0,0
599959,1022600,0,0,0,0
601893,1022600,0,0,0,0
603827,1022600,0,0,0,0
605761,1022600,0,0,0,0
607695,1022600,0,0,0,0
609629,1022600,0,0,0,0
611563,1022600,0,0,0,0
613497,1022600,0,0,0,0
615431,1022600,0,0,0,0
617365,1022600,0,0,0,0
619299,1022600,0,0,0,0
621233,1022600,0,0,0,0
623167,1022600,0,0,0,0
625101,1022600,0,0,0,0
627035,1022600,0,0,0,0
628969,1022600,0,0,0,0
630903,1022600,0,0,0,0
632837,1022600,0,0,0,0
634771,1022600,0,0,0,0
636705,1022600,0,0,0,0
638639,1022600,0,0,0,0
640573,1022600,0,0,0,0
526467,1024400,0,0,0,0
528401,1024400,0,0,0,0
530335,1024400,0,0,0,0
532269,1024400,0,0,0,0
534203,1024400,0,0,0,0
536137,1024400,0,0,0,0
538071,1024400,0,0,0,0
540005,1024400,0,0,0,0
541939,1024400,0,0,0,0
543873,1024400,0,0,0,0
545807,1024400,0,0,0,0
547741,1024400,0,0,0,0
549675,1024400,0,0,0,0
551609,1024400,0,0,0,0
553543,1024400,0,0,0,0
555477,1024400,0,0,0,0
557411,1024400,0,0,0,0
559345,1024400,0,0,0,0
561279,1024400,0,0,0,0
563213,1024400,0,0,0,0
565147,1024400,0,0,0,0
567081,1024400,0,0,0,0
569015,1024400,0,0,0,0
570949,1024400,0,0,0,0
572883,1024400,0,0,0,0
574817,1024400,0,0,0,0
576751,1024400,0,0,0,0
578685,1024400,0,0,0,0
580619,1024400,0,0,0,0
582553,1024400,0,0,0,0
584487,1024400,0,0,0,0
586421,1024400,0,0,0,0
588355,1024400,0,0,0,0
590289,1024400,0,0,0,0
592223,1024400,0,0,0,0
594157,1024400,0,0,0,0
596091,1024400,0,0,0,0
598025,1024400,0,0,0,0
599959,1024400,0,0,0,0
601893,1024400,0,0,0,0
603827,1024400,0,0,0,0
605761,1024400,0,0,0,0
607695,1024400,0,0,0,0
609629,1024400,0,0,0,0
611563,1024400,0,0,0,0
613497,1024400,0,0,0,0
615431,1024400,0,0,0,0
617365,1024400,0,0,0,0
619299,1024400,0,0,0,0
621233,1024400,0,0,0,0
623167,1024400,0,0,0,0
625101,1024400,0,0,0,0
627035,1024400,0,0,0,0
628969,1024400,0,0,0,0
630903,1024400,0,0,0,0
632837,1024400,0,0,0,0
634771,1024400,0,0,0,0
636705,1024400,0,0,0,0
638639,1024400,0,0,0,0
640573,1024400,0,0,0,0
526467,1026200,0,0,0,0
528401,1026200,0,0,0,0
530335,1026200,0,0,0,0
532269,1026200,0,0,0,0
534203,1026200,0,0,0,0
536137,1026200,0,0,0,0
538071,1026200,0,0,0,0
540005,1026200,0,0,0,0
541939,1026200,0,0,0,0
543873,1026200,0,0,0,0
545807,1026200,0,0,0,0
547741,1026200,0,0,0,0
549675,1026200,0,0,0,0
551609,1026200,0,0,0,0
553543,1026200,0,0,0,0
555477,1026200,0,0,0,0
557411,1026200,0,0,0,0
559345,1026200,0,0,0,0
561279,1026200,0,0,0,0
563213,1026200,0,0,0,0
565147,1026200,0,0,0,0
567081,1026200,0,0,0,0
569015,1026200,0,0,0,0
570949,1026200,0,0,0,0
572883,1026200,0,0,0,0
574817,1026200,0,0,0,0
576751,1026200,0,0,0,0
578685,1026200,0,0,0,0
580619,1026200,0,0,0,0
582553,1026200,0,0,0,0
584487,1026200,0,0,0,0
586421,1026200,0,0,0,0
588355,1026200,0,0,0,0
590289,1026200,0,0,0,0
592223,1026200,0,0,0,0
594157,1026200,0,0,0,0
596091,1026200,0,0,0,0
598025,1026200,0,0,0,0
599959,1026200,0,0,0,0
601893,1026200,0,0,0,0
603827,1026200,0,0,0,0
605761,1026200,0,0,0,0
607695,1026200,0,0,0,0
609629,1026200,0,0,0,0
611563,1026200,0,0,0,0
613497,1026200,0,0,0,0
615431,1026200,0,0,0,0
617365,1026200,0,0,0,0
619299,1026200,0,0,0,0
621233,1026200,0,0,0,0
623167,1026200,0,0,0,0
625101,1026200,0,0,0,0
627035,1026200,0,0,0,0
628969,1026200,0,0,0,0
630903,1026200,0,0,0,0
632837,1026200,0,0,0,0
634771,1026200,0,0,0,0
636705,1026200,0,0,0,0
638639,1026200,0,0,0,0
640573,1026200,0,0,0,0
526467,1028000,0,0,0,0
528401,1028000,0,0,0,0
530335,1028000,0,0,0,0
532269,1028000,0,0,0,0
534203,1028000,0,0,0,0
536137,1028000,0,0,0,0
538071,1028000,0,0,0,0
540005,1028000,0,0,0,0
541939,1028000,0,0,0,0
543873,1028000,0,0,0,0
545807,1028000,0,0,0,0
547741,1028000,0,0,0,0
549675,1028000,0,0,0,0
551609,1028000,0,0,0,0
553543,1028000,0,0,0,0
555477,1028000,0,0,0,0
557411,1028000,0,0,0,0
559345,1028000,0,0,0,0
561279,1028000,0,0,0,0
563213,1028000,0,0,0,0
565147,1028000,0,0,0,0
567081,1028000,0,0,0,0
569015,1028000,0,0,0,0
570949,1028000,0,0,0,0
572883,1028000,0,0,0,0
574817,1028000,0,0,0,0
576751,1028000,0,0,0,0
578685,1028000,0,0,0,0
580619,1028000,0,0,0,0
582553,1028000,0,0,0,0
584487,1028000,0,0,0,0
586421,1028000,0,0,0,0
588355,1028000,0,0,0,0
590289,1028000,0,0,0,0
592223,1028000,0,0,0,0
594157,1028000,0,0,0,0
596091,1028000,0,0,0,0
598025,1028000,0,0,0,0
599959,1028000,0,0,0,0
601893,1028000,0,0,0,0
603827,1028000,0,0,0,0
605761,1028000,0,0,0,0
607695,1028000,0,0,0,0
609629,1028000,0,0,0,0
611563,1028000,0,0,0,0
613497,1028000,0,0,0,0
615431,1028000,0,0,0,0
617365,1028000,0,0,0,0
619299,1028000,0,0,0,0
621233,1028000,0,0,0,0
623167,1028000,0,0,0,0
625101,1028000,0,0,0,0
627035,1028000,0,0,0,0
628969,1028000,0,0,0,0
630903,1028000,0,0,0,0
632837,1028000,0,0,0,0
634771,1028000,0,0,0,0
636705,1028000,0,0,0,0
638639,1028000,0,0,0,0
640573,1028000,0,0,0,0
526467,1029800,0,0,0,0
528401,1029800,0,0,0,0
530335,1029800,0,0,0,0
532269,1029800,0,0,0,0
534203,1029800,0,0,0,0
536137,1029800,0,0,0,0
538071,1029800,0,0,0,0
540005,1029800,0,0,0,0
541939,1029800,0,0,0,0
543873,1029800,0,0,0,0
545807,1029800,0,0,0,0
547741,1029800,0,0,0,0
549675,1029800,0,0,0,0
551609,1029800,0,0,0,0
553543,1029800,0,0,0,0
555477,1029800,0,0,0,0
557411,1029800,0,0,0,0
559345,1029800,0,0,0,0
561279,1029800,0,0,0,0
563213,1029800,0,0,0,0
565147,1029800,0,0,0,0
567081,1029800,0,0,0,0
569015,1029800,0,0,0,0
570949,1029800,0,0,0,0
572883,1029800,0,0,0,0
574817,1029800,0,0,0,0
576751,1029800,0,0,0,0
578685,1029800,0,0,0,0
580619,1029800,0,0,0,0
582553,1029800,0,0,0,0
584487,1029800,0,0,0,0
586421,1029800,0,0,0,0
588355,1029800,0,0,0,0
590289,1029800,0,0,0,0
592223,1029800,0,0,0,0
594157,1029800,0,0,0,0
596091,1029800,0,0,0,0
598025,1029800,0,0,0,0
599959,1029800,0,0,0,0
601893,1029800,0,0,0,0
603827,1029800,0,0,0,0
605761,1029800,0,0,0,0
607695,1029800,0,0,0,0
609629,1029800,0,0,0,0
611563,1029800,0,0,0,0
613497,1029800,0,0,0,0
615431,1029800,0,0,0,0
617365,1029800,0,0,0,0
619299,1029800,0,0,0,0
621233,1029800,0,0,0,0
623167,1029800,0,0,0,0
625101,1029800,0,0,0,0
627035,1029800,0,0,0,0
628969,1029800,0,0,0,0
630903,1029800,0,0,0,0
632837,1029800,0,0,0,0
634771,1029800,0,0,0,0
636705,1029800,0,0,0,0
638639,1029800,0,0,0,0
640573,1029800,0,0,0,0
526467,1031600,0,0,0,0
528401,1031600,0,0,0,0
530335,1031600,0,0,0,0
532269,1031600,0,0,0,0
534203,1031600,0,0,0,0
536137,1031600,0,0,0,0
538071,1031600,0,0,0,0
540005,1031600,0,0,0,0
541939,1031600,0,0,0,0
543873,1031600,0,0,0,0
545807,1031600,0,0,0,0
547741,1031600,0,0,0,0
549675,1031600,0,0,0,0
551609,1031600,0,0,0,0
553543,1031600,0,0,0,0
555477,1031600,0,0,0,0
557411,1031600,0,0,0,0
559345,1031600,0,0,0,0
561279,1031600,0,0,0,0
563213,1031600,0,0,0,0
565147,1031600,0,0,0,0
567081,1031600,0,0,0,0
569015,1031600,0,0,0,0
570949,1031600,0,0,0,0
572883,1031600,0,0,0,0
574817,1031600,0,0,0,0
576751,1031600,0,0,0,0
578685,1031600,0,0,0,0
580619,1031600,0,0,0,0
582553,1031600,0,0,0,0
584487,1031600,0,0,0,0
586421,1031600,0,0,0,0
588355,1031600,0,0,0,0
590289,1031600,0,0,0,0
592223,1031600,0,0,0,0
594157,1031600,0,0,0,0
596091,1031600,0,0,0,0
598025,1031600,0,0,0,0
599959,1031600,0,0,0,0
601893,1031600,0,0,0,0
603827,1031600,0,0,0,0
605761,1031600,0,0,0,0
607695,1031600,0,0,0,0
609629,1031600,0,0,0,0
611563,1031600,0,0,0,0
613497,1031600,0,0,0,0
615431,1031600,0,0,0,0
617365,1031600,0,0,0,0
619299,1031600,0,0,0,0
621233,1031600,0,0,0,0
623167,1031600,0,0,0,0
625101,1031600,0,0,0,0
627035,1031600,0,0,0,0
628969,1031600,0,0,0,0
630903,1031600,0,0,0,0
632837,1031600,0,0,0,0
634771,1031600,0,0,0,0
636705,1031600,0,0,0,0
638639,1031600,0,0,0,0
640573,1031600,0,0,0,0
526467,1033400,0,0,0,0
528401,1033400,0,0,0,0
530335,1033400,0,0,0,0
532269,1033400,0,0,0,0
534203,1033400,0,0,0,0
536137,1033400,0,0,0,0
538071,1033400,0,0,0,0
540005,1033400,0,0,0,0
541939,1033400,0,0,0,0
543873,1033400,0,0,0,0
545807,1033400,0,0,0,0
547741,1033400,0,0,0,0
549675,1033400,0,0,0,0
551609,1033400,0,0,0,0
553543,1033400,0,0,0,0
555477,1033400,0,0,0,0
557411,1033400,0,0,0,0
559345,1033400,0,0,0,0
561279,1033400,0,0,0,0
563213,1033400,0,0,0,0
565147,1033400,0,0,0,0
567081,1033400,0,0,0,0
569015,1033400,0,0,0,0
570949,1033400,0,0,0,0
572883,1033400,0,0,0,0
574817,1033400,0,0,0,0
576751,1033400,0,0,0,0
578685,1033400,0,0,0,0
580619,1033400,0,0,0,0
582553,1033400,0,0,0,0
584487,1033400,0,0,0,0
586421,1033400,0,0,0,0
588355,1033400,0,0,0,0
590289,1033400,0,0,0,0
592223,1033400,0,0,0,0
594157,1033400,0,0,0,0
596091,1033400,0,0,0,0
598025,1033400,0,0,0,0
599959,1033400,0,0,0,0
601893,1033400,0,0,0,0
603827,1033400,0,0,0,0
605761,1033400,0,0,0,0
607695,1033400,0,0,0,0
609629,1033400,0,0,0,0
611563,1033400,0,0,0,0
613497,1033400,0,0,0,0
615431,1033400,0,0,0,0
617365,1033400,0,0,0,0
619299,1033400,0,0,0,0
621233,1033400,0,0,0,0
623167,1033400,0,0,0,0
625101,1033400,0,0,0,0
627035,1033400,0,0,0,0
628969,1033400,0,0,0,0
630903,1033400,0,0,0,0
632837,1033400,0,0,0,0
634771,1033400,0,0,0,0
636705,1033400,0,0,0,0
638639,1033400,0,0,0,0
640573,1033400,0,0,0,0
526467,1035200,0,0,0,0
528401,1035200,0,0,0,0
530335,1035200,0,0,0,0
532269,1035200,0,0,0,0
534203,1035200,0,0,0,0
536137,1035200,0,0,0,0
538071,1035200,0,0,0,0
540005,1035200,0,0,0,0
541939,1035200,0,0,0,0
543873,1035200,0,0,0,0
545807,1035200,0,0,0,0
547741,1035200,0,0,0,0
549675,1035200,0,0,0,0
551609,1035200,0,0,0,0
553543,1035200,0,0,0,0
555477,1035200,0,0,0,0
557411,1035200,0,0,0,0
559345,1035200,0,0,0,0
561279,1035200,0,0,0,0
563213,1035200,0,0,0,0
565147,1035200,0,0,0,0
567081,1035200,0,0,0,0
569015,1035200,0,0,0,0
570949,1035200,0,0,0,0
572883,1035200,0,0,0,0
574817,1035200,0,0,0,0
576751,1035200,0,0,0,0
578685,1035200,0,0,0,0
580619,1035200,0,0,0,0
582553,1035200,0,0,0,0
584487,1035200,0,0,0,0
586421,1035200,0,0,0,0
588355,1035200,0,0,0,0
590289,1035200,0,0,0,0
592223,1035200,0,0,0,0
594157,1035200,0,0,0,0
596091,1035200,0,0,0,0
598025,1035200,0,0,0,0
599959,1035200,0,0,0,0
601893,1035200,0,0,0,0
603827,1035200,0,0,0,0
605761,1035200,0,0,0,0
607695,1035200,0,0,0,0
609629,1035200,0,0,0,0
611563,1035200,0,0,0,0
613497,1035200,0,0,0,0
615431,1035200,0,0,0,0
617365,1035200,0,0,0,0
619299,1035200,0,0,0,0
621233,1035200,0,0,0,0
623167,1035200,0,0,0,0
625101,1035200,0,0,0,0
627035,1035200,0,0,0,0
628969,1035200,0,0,0,0
630903,1035200,0,0,0,0
632837,1035200,0,0,0,0
634771,1035200,0,0,0,0
636705,1035200,0,0,0,0
638639,1035200,0,0,0,0
640573,1035200,0,0,0,0
526467,1037000,0,0,0,0
528401,1037000,0,0,0,0
530335,1037000,0,0,0,0
532269,1037000,0,0,0,0
534203,1037000,0,0,0,0
536137,1037000,0,0,0,0
538071,1037000,0,0,0,0
540005,1037000,0,0,0,0
541939,1037000,0,0,0,0
543873,1037000,0,0,0,0
545807,1037000,0,0,0,0
547741,1037000,0,0,0,0
549675,1037000,0,0,0,0
551609,1037000,0,0,0,0
553543,1037000,0,0,0,0
555477,1037000,0,0,0,0
557411,1037000,0,0,0,0
559345,1037000,0,0,0,0
561279,1037000,0,0,0,0
563213,1037000,0,0,0,0
565147,1037000,0,0,0,0
567081,1037000,0,0,0,0
569015,1037000,0,0,0,0
570949,1037000,0,0,0,0
572883,1037000,0,0,0,0
574817,1037000,0,0,0,0
576751,1037000,0,0,0,0
578685,1037000,0,0,0,0
580619,1037000,0,0,0,0
582553,1037000,0,0,0,0
584487,1037000,0,0,0,0
586421,1037000,0,0,0,0
588355,1037000,0,0,0,0
590289,1037000,0,0,0,0
592223,1037000,0,0,0,0
594157,1037000,0,0,0,0
596091,1037000,0,0,0,0
598025,1037000,0,0,0,0
599959,1037000,0,0,0,0
601893,1037000,0,0,0,0
603827,1037000,0,0,0,0
605761,1037000,0,0,0,0
607695,1037000,0,0,0,0
609629,1037000,0,0,0,0
611563,1037000,0,0,0,0
613497,1037000,0,0,0,0
615431,1037000,0,0,0,0
617365,1037000,0,0,0,0
619299,1037000,0,0,0,0
621233,1037000,0,0,0,0
623167,1037000,0,0,0,0
625101,1037000,0,0,0,0
627035,1037000,0,0,0,0
628969,1037000,0,0,0,0
630903,1037000,0,0,0,0
632837,1037000,0,0,0,0
634771,1037000,0,0,0,0
636705,1037000,0,0,0,0
638639,1037000,0,0,0,0
640573,1037000,0,0,0,0
526467,1038800,0,0,0,0
528401,1038800,0,0,0,0
530335,1038800,0,0,0,0
532269,1038800,0,0,0,0
534203,1038800,0,0,0,0
536137,1038800,0,0,0,0
538071,1038800,0,0,0,0
540005,1038800,0,0,0,0
541939,1038800,0,0,0,0
543873,1038800,0,0,0,0
545807,1038800,0,0,0,0
547741,1038800,0,0,0,0
549675,1038800,0,0,0,0
551609,1038800,0,0,0,0
553543,1038800,0,0,0,0
555477,1038800,0,0,0,0
557411,1038800,0,0,0,0
559345,1038800,0,0,0,0
561279,1038800,0,0,0,0
563213,1038800,0,0,0,0
565147,1038800,0,0,0,0
567081,1038800,0,0,0,0
569015,1038800,0,0,0,0
570949,1038800,0,0,0,0
572883,1038800,0,0,0,0
574817,1038800,0,0,0,0
576751,1038800,0,0,0,0
578685,1038800,0,0,0,0
580619,1038800,0,0,0,0
582553,1038800,0,0,0,0
584487,1038800,0,0,0,0
586421,1038800,0,0,0,0
588355,1038800,0,0,0,0
590289,1038800,0,0,0,0
592223,1038800,0,0,0,0
594157,1038800,0,0,0,0
596091,1038800,0,0,0,0
598025,1038800,0,0,0,0
599959,1038800,0,0,0,0
601893,1038800,0,0,0,0
603827,1038800,0,0,0,0
605761,1038800,0,0,0,0
607695,1038800,0,0,0,0
609629,1038800,0,0,0,0
611563,1038800,0,0,0,0
613497,1038800,0,0,0,0
615431,1038800,0,0,0,0
617365,1038800,0,0,0,0
619299,1038800,0,0,0,0
621233,1038800,0,0,0,0
623167,1038800,0,0,0,0
625101,1038800,0,0,0,0
627035,1038800,0,0,0,0
628969,1038800,0,0,0,0
630903,1038800,0,0,0,0
632837,1038800,0,0,0,0
634771,1038800,0,0,0,0
636705,1038800,0,0,0,0
638639,1038800,0,0,0,0
640573,1038800,0,0,0,0
526467,1040600,0,0,0,0
528401,1040600,0,0,0,0
530335,1040600,0,0,0,0
532269,1040600,0,0,0,0
534203,1040600,0,0,0,0
536137,1040600,0,0,0,0
538071,1040600,0,0,0,0
540005,1040600,0,0,0,0
541939,1040600,0,0,0,0
543873,1040600,0,0,0,0
545807,1040600,0,0,0,0
547741,1040600,0,0,0,0
549675,1040600,0,0,0,0
551609,1040600,0,0,0,0
553543,1040600,0,0,0,0
555477,1040600,0,0,0,0
557411,1040600,0,0,0,0
559345,1040600,0,0,0,0
561279,1040600,0,0,0,0
563213,1040600,0,0,0,0
565147,1040600,0,0,0,0
567081,1040600,0,0,0,0
569015,1040600,0,0,0,0
570949,1040600,0,0,0,0
572883,1040600,0,0,0,0
574817,1040600,0,0,0,0
576751,1040600,0,0,0,0
578685,1040600,0,0,0,0
580619,1040600,0,0,0,0
582553,1040600,0,0,0,0
584487,1040600,0,0,0,0
586421,1040600,0,0,0,0
588355,1040600,0,0,0,0
590289,1040600,0,0,0,0
592223,1040600,0,0,0,0
594157,1040600,0,0,0,0
596091,1040600,0,0,0,0
598025,1040600,0,0,0,0
599959,1040600,0,0,0,0
601893,1040600,0,0,0,0
603827,1040600,0,0,0,0
605761,1040600,0,0,0,0
607695,1040600,0,0,0,0
609629,1040600,0,0,0,0
611563,1040600,0,0,0,0
613497,1040600,0,0,0,0
615431,1040600,0,0,0,0
617365,1040600,0,0,0,0
619299,1040600,0,0,0,0
621233,1040600,0,0,0,0
623167,1040600,0,0,0,0
625101,1040600,0,0,0,0
627035,1040600,0,0,0,0
628969,1040600,0,0,0,0
630903,1040600,0,0,0,0
632837,1040600,0,0,0,0
634771,1040600,0,0,0,0
636705,1040600,0,0,0,0
638639,1040600,0,0,0,0
640573,1040600,0,0,0,0
526467,1042400,0,0,0,0
528401,1042400,0,0,0,0
530335,1042400,0,0,0,0
532269,1042400,0,0,0,0
534203,1042400,0,0,0,0
536137,1042400,0,0,0,0
538071,1042400,0,0,0,0
540005,1042400,0,0,0,0
541939,1042400,0,0,0,0
543873,1042400,0,0,0,0
545807,1042400,0,0,0,0
547741,1042400,0,0,0,0
549675,1042400,0,0,0,0
551609,1042400,0,0,0,0
553543,1042400,0,0,0,0
555477,1042400,0,0,0,0
557411,1042400,0,0,0,0
559345,1042400,0,0,0,0
561279,1042400,0,0,0,0
563213,1042400,0,0,0,0
565147,1042400,0,0,0,0
567081,1042400,0,0,0,0
569015,1042400,0,0,0,0
570949,1042400,0,0,0,0
572883,1042400,0,0,0,0
574817,1042400,0,0,0,0
576751,1042400,0,0,0,0
578685,1042400,0,0,0,0
580619,1042400,0,0,0,0
582553,1042400,0,0,0,0
584487,1042400,0,0,0,0
586421,1042400,0,0,0,0
588355,1042400,0,0,0,0
590289,1042400,0,0,0,0
592223,1042400,0,0,0,0
594157,1042400,0,0,0,0
596091,1042400,0,0,0,0
598025,1042400,0,0,0,0
599959,1042400,0,0,0,0
601893,1042400,0,0,0,0
603827,1042400,0,0,0,0
605761,1042400,0,0,0,0
607695,1042400,0,0,0,0
609629,1042400,0,0,0,0
611563,1042400,0,0,0,0
613497,1042400,0,0,0,0
615431,1042400,0,0,0,0
617365,1042400,0,0,0,0
619299,1042400,0,0,0,0
621233,1042400,0,0,0,0
623167,1042400,0,0,0,0
625101,1042400,0,0,0,0
627035,1042400,0,0,0,0
628969,1042400,0,0,0,0
630903,1042400,0,0,0,0
632837,1042400,0,0,0,0
634771,1042400,0,0,0,0
636705,1042400,0,0,0,0
638639,1042400,0,0,0,0
640573,1042400,0,0,0,0
526467,1044200,0,0,0,0
528401,1044200,0,0,0,0
530335,1044200,0,0,0,0
532269,1044200,0,0,0,0
534203,1044200,0,0,0,0
536137,1044200,0,0,0,0
538071,1044200,0,0,0,0
540005,1044200,0,0,0,0
541939,1044200,0,0,0,0
543873,1044200,0,0,0,0
545807,1044200,0,0,0,0
547741,1044200,0,0,0,0
549675,1044200,0,0,0,0
551609,1044200,0,0,0,0
553543,1044200,0,0,0,0
555477,1044200,0,0,0,0
557411,1044200,0,0,0,0
559345,1044200,0,0,0,0
561279,1044200,0,0,0,0
563213,1044200,0,0,0,0
565147,1044200,0,0,0,0
567081,1044200,0,0,0,0
569015,1044200,0,0,0,0
570949,1044200,0,0,0,0
572883,1044200,0,0,0,0
574817,1044200,0,0,0,0
576751,1044200,0,0,0,0
578685,1044200,0,0,0,0
580619,1044200,0,0,0,0
582553,1044200,0,0,0,0
584487,1044200,0,0,0,0
586421,1044200,0,0,0,0
588355,1044200,0,0,0,0
590289,1044200,0,0,0,0
592223,1044200,0,0,0,0
594157,1044200,0,0,0,0
596091,1044200,0,0,0,0
598025,1044200,0,0,0,0
599959,1044200,0,0,0,0
601893,1044200,0,0,0,0
603827,1044200,0,0,0,0
605761,1044200,0,0,0,0
607695,1044200,0,0,0,0
609629,1044200,0,0,0,0
611563,1044200,0,0,0,0
613497,1044200,0,0,0,0
615431,1044200,0,0,0,0
617365,1044200,0,0,0,0
619299,1044200,0,0,0,0
621233,1044200,0,0,0,0
623167,1044200,0,0,0,0
625101,1044200,0,0,0,0
627035,1044200,0,0,0,0
628969,1044200,0,0,0,0
630903,1044200,0,0,0,0
632837,1044200,0,0,0,0
634771,1044200,0,0,0,0
636705,1044200,0,0,0,0
638639,1044200,0,0,0,0
640573,1044200,0,0,0,0
526467,1046000,0,0,0,0
528401,1046000,0,0,0,0
530335,1046000,0,0,0,0
532269,1046000,0,0,0,0
534203,1046000,0,0,0,0
536137,1046000,0,0,0,0
538071,1046000,0,0,0,0
540005,1046000,0,0,0,0
541939,1046000,0,0,0,0
543873,1046000,0,0,0,0
545807,1046000,0,0,0,0
547741,1046000,0,0,0,0
549675,1046000,0,0,0,0
551609,1046000,0,0,0,0
553543,1046000,0,0,0,0
555477,1046000,0,0,0,0
557411,1046000,0,0,0,0
559345,1046000,0,0,0,0
561279,1046000,0,0,0,0
563213,1046000,0,0,0,0
565147,1046000,0,0,0,0
567081,1046000,0,0,0,0
569015,1046000,0,0,0,0
570949,1046000,0,0,0,0
572883,1046000,0,0,0,0
574817,1046000,0,0,0,0
576751,1046000,0,0,0,0
578685,1046000,0,0,0,0
580619,1046000,0,0,0,0
582553,1046000,0,0,0,0
584487,1046000,0,0,0,0
586421,1046000,0,0,0,0
588355,1046000,0,0,0,0
590289,1046000,0,0,0,0
592223,1046000,0,0,0,0
594157,1046000,0,0,0,0
596091,1046000,0,0,0,0
598025,1046000,0,0,0,0
599959,1046000,0,0,0,0
601893,1046000,0,0,0,0
603827,1046000,0,0,0,0
605761,1046000,0,0,0,0
607695,1046000,0,0,0,0
609629,1046000,0,0,0,0
611563,1046000,0,0,0,0
613497,1046000,0,0,0,0
615431,1046000,0,0,0,0
617365,1046000,0,0,0,0
619299,1046000,0,0,0,0
621233,1046000,0,0,0,0
623167,1046000,0,0,0,0
625101,1046000,0,0,0,0
627035,1046000,0,0,0,0
628969,1046000,0,0,0,0
630903,1046000,0,0,0,0
632837,1046000,0,0,0,0
634771,1046000,0,0,0,0
636705,1046000,0,0,0,0
638639,1046000,0,0,0,0
640573,1046000,0,0,0,0
526467,1047800,0,0,0,0
528401,1047800,0,0,0,0
530335,1047800,0,0,0,0
532269,1047800,0,0,0,0
534203,1047800,0,0,0,0
536137,1047800,0,0,0,0
538071,1047800,0,0,0,0
540005,1047800,0,0,0,0
541939,1047800,0,0,0,0
543873,1047800,0,0,0,0
545807,1047800,0,0,0,0
547741,1047800,0,0,0,0
549675,1047800,0,0,0,0
551609,1047800,0,0,0,0
553543,1047800,0,0,0,0
555477,1047800,0,0,0,0
557411,1047800,0,0,0,0
559345,1047800,0,0,0,0
561279,1047800,0,0,0,0
563213,1047800,0,0,0,0
565147,1047800,0,0,0,0
567081,1047800,0,0,0,0
569015,1047800,0,0,0,0
570949,1047800,0,0,0,0
572883,1047800,0,0,0,0
574817,1047800,0,0,0,0
576751,1047800,0,0,0,0
578685,1047800,0,0,0,0
580619,1047800,0,0,0,0
582553,1047800,0,0,0,0
584487,1047800,0,0,0,0
586421,1047800,0,0,0,0
588355,1047800,0,0,0,0
590289,1047800,0,0,0,0
592223,1047800,0,0,0,0
594157,1047800,0,0,0,0
596091,1047800,0,0,0,0
598025,1047800,0,0,0,0
599959,1047800,0,0,0,0
601893,1047800,0,0,0,0
603827,1047800,0,0,0,0
605761,1047800,0,0,0,0
607695,1047800,0,0,0,0
609629,1047800,0,0,0,0
611563,1047800,0,0,0,0
613497,1047800,0,0,0,0
615431,1047800,0,0,0,0
617365,1047800,0,0,0,0
619299,1047800,0,0,0,0
621233,1047800,0,0,0,0
623167,1047800,0,0,0,0
625101,1047800,0,0,0,0
627035,1047800,0,0,0,0
628969,1047800,0,0,0,0
630903,1047800,0,0,0,0
632837,1047800,0,0,0,0
634771,1047800,0,0,0,0
636705,1047800,0,0,0,0
638639,1047800,0,0,0,0
640573,1047800,0,0,0,0
526467,1049600,0,0,0,0
528401,1049600,0,0,0,0
530335,1049600,0,0,0,0
532269,1049600,0,0,0,0
534203,1049600,0,0,0,0
536137,1049600,0,0,0,0
538071,1049600,0,0,0,0
540005,1049600,0,0,0,0
541939,1049600,0,0,0,0
543873,1049600,0,0,0,0
545807,1049600,0,0,0,0
547741,1049600,0,0,0,0
549675,1049600,0,0,0,0
551609,1049600,0,0,0,0
553543,1049600,0,0,0,0
555477,1049600,0,0,0,0
557411,1049600,0,0,0,0
559345,1049600,0,0,0,0
561279,1049600,0,0,0,0
563213,1049600,0,0,0,0
565147,1049600,0,0,0,0
567081,1049600,0,0,0,0
569015,1049600,0,0,0,0
570949,1049600,0,0,0,0
572883,1049600,0,0,0,0
574817,1049600,0,0,0,0
576751,1049600,0,0,0,0
578685,1049600,0,0,0,0
580619,1049600,0,0,0,0
582553,1049600,0,0,0,0
584487,1049600,0,0,0,0
586421,1049600,0,0,0,0
588355,1049600,0,0,0,0
590289,1049600,0,0,0,0
592223,1049600,0,0,0,0
594157,1049600,0,0,0,0
596091,1049600,0,0,0,0
598025,1049600,0,0,0,0
599959,1049600,0,0,0,0
601893,1049600,0,0,0,0
603827,1049600,0,0,0,0
605761,1049600,0,0,0,0
607695,1049600,0,0,0,0
609629,1049600,0,0,0,0
611563,1049600,0,0,0,0
613497,1049600,0,0,0,0
615431,1049600,0,0,0,0
617365,1049600,0,0,0,0
619299,1049600,0,0,0,0
621233,1049600,0,0,0,0
623167,1049600,0,0,0,0
625101,1049600,0,0,0,0
627035,1049600,0,0,0,0
628969,1049600,0,0,0,0
630903,1049600,0,0,0,0
632837,1049600,0,0,0,0
634771,1049600,0,0,0,0
636705,1049600,0,0,0,0
638639,1049600,0,0,0,0
640573,1049600,0,0,0,0
526467,1051400,0,0,0,0
528401,1051400,0,0,0,0
530335,1051400,0,0,0,0
532269,1051400,0,0,0,0
534203,1051400,0,0,0,0
536137,1051400,0,0,0,0
538071,1051400,0,0,0,0
540005,1051400,0,0,0,0
541939,1051400,0,0,0,0
543873,1051400,0,0,0,0
545807,1051400,0,0,0,0
547741,1051400,0,0,0,0
549675,1051400,0,0,0,0
551609,1051400,0,0,0,0
553543,1051400,0,0,0,0
555477,1051400,0,0,0,0
557411,1051400,0,0,0,0
559345,1051400,0,0,0,0
561279,1051400,0,0,0,0
563213,1051400,0,0,0,0
565147,1051400,0,0,0,0
567081,1051400,0,0,0,0
569015,1051400,0,0,0,0
570949,1051400,0,0,0,0
572883,1051400,0,0,0,0
574817,1051400,0,0,0,0
576751,1051400,0,0,0,0
578685,1051400,0,0,0,0
580619,1051400,0,0,0,0
582553,1051400,0,0,0,0
584487,1051400,0,0,0,0
586421,1051400,0,0,0,0
588355,1051400,0,0,0,0
590289,1051400,0,0,0,0
592223,1051400,0,0,0,0
594157,1051400,0,0,0,0
596091,1051400,0,0,0,0
598025,1051400,0,0,0,0
599959,1051400,0,0,0,0
601893,1051400,0,0,0,0
603827,1051400,0,0,0,0
605761,1051400,0,0,0,0
607695,1051400,0,0,0,0
609629,1051400,0,0,0,0
611563,1051400,0,0,0,0
613497,1051400,0,0,0,0
615431,1051400,0,0,0,0
617365,1051400,0,0,0,0
619299,1051400,0,0,0,0
621233,1051400,0,0,0,0
623167,1051400,0,0,0,0
625101,1051400,0,0,0,0
627035,1051400,0,0,0,0
628969,1051400,0,0,0,0
630903,1051400,0,0,0,0
632837,1051400,0,0,0,0
634771,1051400,0,0,0,0
636705,1051400,0,0,0,0
638639,1051400,0,0,0,0
640573,1051400,0,0,0,0
526467,1053200,0,0,0,0
528401,1053200,0,0,0,0
530335,1053200,0,0,0,0
532269,1053200,0,0,0,0
534203,1053200,0,0,0,0
536137,1053200,0,0,0,0
538071,1053200,0,0,0,0
540005,1053200,0,0,0,0
541939,1053200,0,0,0,0
543873,1053200,0,0,0,0
545807,1053200,0,0,0,0
547741,1053200,0,0,0,0
549675,1053200,0,0,0,0
551609,1053200,0,0,0,0
553543,1053200,0,0,0,0
555477,1053200,0,0,0,0
557411,1053200,0,0,0,0
559345,1053200,0,0,0,0
561279,1053200,0,0,0,0
563213,1053200,0,0,0,0
565147,1053200,0,0,0,0
567081,1053200,0,0,0,0
569015,1053200,0,0,0,0
570949,1053200,0,0,0,0
572883,1053200,0,0,0,0
574817,1053200,0,0,0,0
576751,1053200,0,0,0,0
578685,1053200,0,0,0,0
580619,1053200,0,0,0,0
582553,1053200,0,0,0,0
584487,1053200,0,0,0,0
586421,1053200,0,0,0,0
588355,1053200,0,0,0,0
590289,1053200,0,0,0,0
592223,1053200,0,0,0,0
594157,1053200,0,0,0,0
596091,1053200,0,0,0,0
598025,1053200,0,0,0,0
599959,1053200,0,0,0,0
601893,1053200,0,0,0,0
603827,1053200,0,0,0,0
605761,1053200,0,0,0,0
607695,1053200,0,0,0,0
609629,1053200,0,0,0,0
611563,1053200,0,0,0,0
613497,1053200,0,0,0,0
615431,1053200,0,0,0,0
617365,1053200,0,0,0,0
619299,1053200,0,0,0,0
621233,1053200,0,0,0,0
623167,1053200,0,0,0,0
625101,1053200,0,0,0,0
627035,1053200,0,0,0,0
628969,1053200,0,0,0,0
630903,1053200,0,0,0,0
632837,1053200,0,0,0,0
634771,1053200,0,0,0,0
636705,1053200,0,0,0,0
638639,1053200,0,0,0,0
640573,1053200,0,0,0,0
526467,1055000,0,0,0,0
528401,1055000,0,0,0,0
530335,1055000,0,0,0,0
532269,1055000,0,0,0,0
534203,1055000,0,0,0,0
536137,1055000,0,0,0,0
538071,1055000,0,0,0,0
540005,1055000,0,0,0,0
541939,1055000,0,0,0,0
543873,1055000,0,0,0,0
545807,1055000,0,0,0,0
547741,1055000,0,0,0,0
549675,1055000,0,0,0,0
551609,1055000,0,0,0,0
553543,1055000,0,0,0,0
555477,1055000,0,0,0,0
557411,1055000,0,0,0,0
559345,1055000,0,0,0,0
561279,1055000,0,0,0,0
563213,1055000,0,0,0,0
565147,1055000,0,0,0,0
567081,1055000,0,0,0,0
569015,1055000,0,0,0,0
570949,1055000,0,0,0,0
572883,1055000,0,0,0,0
574817,1055000,0,0,0,0
576751,1055000,0,0,0,0
578685,1055000,0,0,0,0
580619,1055000,0,0,0,0
582553,1055000,0,0,0,0
584487,1055000,0,0,0,0
586421,1055000,0,0,0,0
588355,1055000,0,0,0,0
590289,1055000,0,0,0,0
592223,1055000,0,0,0,0
594157,1055000,0,0,0,0
596091,1055000,0,0,0,0
598025,1055000,0,0,0,0
599959,1055000,0,0,0,0
601893,1055000,0,0,0,0
603827,1055000,0,0,0,0
605761,1055000,0,0,0,0
607695,1055000,0,0,0,0
609629,1055000,0,0,0,0
611563,1055000,0,0,0,0
613497,1055000,0,0,0,0
615431,1055000,0,0,0,0
617365,1055000,0,0,0,0
619299,1055000,0,0,0,0
621233,1055000,0,0,0,0
623167,1055000,0,0,0,0
625101,1055000,0,0,0,0
627035,1055000,0,0,0,0
628969,1055000,0,0,0,0
630903,1055000,0,0,0,0
632837,1055000,0,0,0,0
634771,1055000,0,0,0,0
636705,1055000,0,0,0,0
638639,1055000,0,0,0,0
640573,1055000,0,0,0,0
526467,1056800,0,0,0,0
528401,1056800,0,0,0,0
530335,1056800,0,0,0,0
532269,1056800,0,0,0,0
534203,1056800,0,0,0,0
536137,1056800,0,0,0,0
538071,1056800,0,0,0,0
540005,1056800,0,0,0,0
541939,1056800,0,0,0,0
543873,1056800,0,0,0,0
545807,1056800,0,0,0,0
547741,1056800,0,0,0,0
549675,1056800,0,0,0,0
551609,1056800,0,0,0,0
553543,1056800,0,0,0,0
555477,1056800,0,0,0,0
557411,1056800,0,0,0,0
559345,1056800,0,0,0,0
561279,1056800,0,0,0,0
563213,1056800,0,0,0,0
565147,1056800,0,0,0,0
567081,1056800,0,0,0,0
569015,1056800,0,0,0,0
570949,1056800,0,0,0,0
572883,1056800,0,0,0,0
574817,1056800,0,0,0,0
576751,1056800,0,0,0,0
578685,1056800,0,0,0,0
580619,1056800,0,0,0,0
582553,1056800,0,0,0,0
584487,1056800,0,0,0,0
586421,1056800,0,0,0,0
588355,1056800,0,0,0,0
590289,1056800,0,0,0,0
592223,1056800,0,0,0,0
594157,1056800,0,0,0,0
596091,1056800,0,0,0,0
598025,1056800,0,0,0,0
599959,1056800,0,0,0,0
601893,1056800,0,0,0,0
603827,1056800,0,0,0,0
605761,1056800,0,0,0,0
607695,1056800,0,0,0,0
609629,1056800,0,0,0,0
611563,1056800,0,0,0,0
613497,1056800,0,0,0,0
615431,1056800,0,0,0,0
617365,1056800,0,0,0,0
619299,1056800,0,0,0,0
621233,1056800,0,0,0,0
623167,1056800,0,0,0,0
625101,1056800,0,0,0,0
627035,1056800,0,0,0,0
628969,1056800,0,0,0,0
630903,1056800,0,0,0,0
632837,1056800,0,0,0,0
634771,1056800,0,0,0,0
636705,1056800,0,0,0,0
638639,1056800,0,0,0,0
640573,1056800,0,0,0,0
526467,1058600,0,0,0,0
528401,1058600,0,0,0,0
530335,1058600,0,0,0,0
532269,1058600,0,0,0,0
534203,1058600,0,0,0,0
536137,1058600,0,0,0,0
538071,1058600,0,0,0,0
540005,1058600,0,0,0,0
541939,1058600,0,0,0,0
543873,1058600,0,0,0,0
545807,1058600,0,0,0,0
547741,1058600,0,0,0,0
549675,1058600,0,0,0,0
551609,1058600,0,0,0,0
553543,1058600,0,0,0,0
555477,1058600,0,0,0,0
557411,1058600,0,0,0,0
559345,1058600,0,0,0,0
561279,1058600,0,0,0,0
563213,1058600,0,0,0,0
565147,1058600,0,0,0,0
567081,1058600,0,0,0,0
569015,1058600,0,0,0,0
570949,1058600,0,0,0,0
572883,1058600,0,0,0,0
574817,1058600,0,0,0,0
576751,1058600,0,0,0,0
578685,1058600,0,0,0,0
580619,1058600,0,0,0,0
582553,1058600,0,0,0,0
584487,1058600,0,0,0,0
586421,1058600,0,0,0,0
588355,1058600,0,0,0,0
590289,1058600,0,0,0,0
592223,1058600,0,0,0,0
594157,1058600,0,0,0,0
596091,1058600,0,0,0,0
598025,1058600,0,0,0,0
599959,1058600,0,0,0,0
601893,1058600,0,0,0,0
603827,1058600,0,0,0,0
605761,1058600,0,0,0,0
607695,1058600,0,0,0,0
609629,1058600,0,0,0,0
611563,1058600,0,0,0,0
613497,1058600,0,0,0,0
615431,1058600,0,0,0,0
617365,1058600,0,0,0,0
619299,1058600,0,0,0,0
621233,1058600,0,0,0,0
623167,1058600,0,0,0,0
625101,1058600,0,0,0,0
627035,1058600,0,0,0,0
628969,1058600,0,0,0,0
630903,1058600,0,0,0,0
632837,1058600,0,0,0,0
634771,1058600,0,0,0,0
636705,1058600,0,0,0,0
638639,1058600,0,0,0,0
640573,1058600,0,0,0,0
526467,1060400,0,0,0,0
528401,1060400,0,0,0,0
530335,1060400,0,0,0,0
532269,1060400,0,0,0,0
534203,1060400,0,0,0,0
536137,1060400,0,0,0,0
538071,1060400,0,0,0,0
540005,1060400,0,0,0,0
541939,1060400,0,0,0,0
543873,1060400,0,0,0,0
545807,1060400,0,0,0,0
547741,1060400,0,0,0,0
549675,1060400,0,0,0,0
551609,1060400,0,0,0,0
553543,1060400,0,0,0,0
555477,1060400,0,0,0,0
557411,1060400,0,0,0,0
559345,1060400,0,0,0,0
561279,1060400,0,0,0,0
563213,1060400,0,0,0,0
565147,1060400,0,0,0,0
567081,1060400,0,0,0,0
569015,1060400,0,0,0,0
570949,1060400,0,0,0,0
572883,1060400,0,0,0,0
574817,1060400,0,0,0,0
576751,1060400,0,0,0,0
578685,1060400,0,0,0,0
580619,1060400,0,0,0,0
582553,1060400,0,0,0,0
584487,1060400,0,0,0,0
586421,1060400,0,0,0,0
588355,1060400,0,0,0,0
590289,1060400,0,0,0,0
592223,1060400,0,0,0,0
594157,1060400,0,0,0,0
596091,1060400,0,0,0,0
598025,1060400,0,0,0,0
599959,1060400,0,0,0,0
601893,1060400,0,0,0,0
603827,1060400,0,0,0,0
605761,1060400,0,0,0,0
607695,1060400,0,0,0,0
609629,1060400,0,0,0,0
611563,1060400,0,0,0,0
613497,1060400,0,0,0,0
615431,1060400,0,0,0,0
617365,1060400,0,0,0,0
619299,1060400,0,0,0,0
621233,1060400,0,0,0,0
623167,1060400,0,0,0,0
625101,1060400,0,0,0,0
627035,1060400,0,0,0,0
628969,1060400,0,0,0,0
630903,1060400,0,0,0,0
632837,1060400,0,0,0,0
634771,1060400,0,0,0,0
636705,1060400,0,0,0,0
638639,1060400,0,0,0,0
640573,1060400,0,0,0,0
526467,1062200,0,0,0,0
528401,1062200,0,0,0,0
530335,1062200,0,0,0,0
532269,1062200,0,0,0,0
534203,1062200,0,0,0,0
536137,1062200,0,0,0,0
538071,1062200,0,0,0,0
540005,1062200,0,0,0,0
541939,1062200,0,0,0,0
543873,1062200,0,0,0,0
545807,1062200,0,0,0,0
547741,1062200,0,0,0,0
549675,1062200,0,0,0,0
551609,1062200,0,0,0,0
553543,1062200,0,0,0,0
555477,1062200,0,0,0,0
557411,1062200,0,0,0,0
559345,1062200,0,0,0,0
561279,1062200,0,0,0,0
563213,1062200,0,0,0,0
565147,1062200,0,0,0,0
567081,1062200,0,0,0,0
569015,1062200,0,0,0,0
570949,1062200,0,0,0,0
572883,1062200,0,0,0,0
574817,1062200,0,0,0,0
576751,1062200,0,0,0,0
578685,1062200,0,0,0,0
580619,1062200,0,0,0,0
582553,1062200,0,0,0,0
584487,1062200,0,0,0,0
586421,1062200,0,0,0,0
588355,1062200,0,0,0,0
590289,1062200,0,0,0,0
592223,1062200,0,0,0,0
594157,1062200,0,0,0,0
596091,1062200,0,0,0,0
598025,1062200,0,0,0,0
599959,1062200,0,0,0,0
601893,1062200,0,0,0,0
603827,1062200,0,0,0,0
605761,1062200,0,0,0,0
607695,1062200,0,0,0,0
609629,1062200,0,0,0,0
611563,1062200,0,0,0,0
613497,1062200,0,0,0,0
615431,1062200,0,0,0,0
617365,1062200,0,0,0,0
619299,1062200,0,0,0,0
621233,1062200,0,0,0,0
623167,1062200,0,0,0,0
625101,1062200,0,0,0,0
627035,1062200,0,0,0,0
628969,1062200,0,0,0,0
630903,1062200,0,0,0,0
632837,1062200,0,0,0,0
634771,1062200,0,0,0,0
636705,1062200,0,0,0,0
638639,1062200,0,0,0,0
640573,1062200,0,0,0,0
526467,1064000,0,0,0,0
528401,1064000,0,0,0,0
530335,1064000,0,0,0,0
532269,1064000,0,0,0,0
534203,1064000,0,0,0,0
536137,1064000,0,0,0,0
538071,1064000,0,0,0,0
540005,1064000,0,0,0,0
541939,1064000,0,0,0,0
543873,1064000,0,0,0,0
545807,1064000,0,0,0,0
547741,1064000,0,0,0,0
549675,1064000,0,0,0,0
551609,1064000,0,0,0,0
553543,1064000,0,0,0,0
555477,1064000,0,0,0,0
557411,1064000,0,0,0,0
559345,1064000,0,0,0,0
561279,1064000,0,0,0,0
563213,1064000,0,0,0,0
565147,1064000,0,0,0,0
567081,1064000,0,0,0,0
569015,1064000,0,0,0,0
570949,1064000,0,0,0,0
572883,1064000,0,0,0,0
574817,1064000,0,0,0,0
576751,1064000,0,0,0,0
578685,1064000,0,0,0,0
580619,1064000,0,0,0,0
582553,1064000,0,0,0,0
584487,1064000,0,0,0,0
586421,1064000,0,0,0,0
588355,1064000,0,0,0,0
590289,1064000,0,0,0,0
592223,1064000,0,0,0,0
594157,1064000,0,0,0,0
596091,1064000,0,0,0,0
598025,1064000,0,0,0,0
599959,1064000,0,0,0,0
601893,1064000,0,0,0,0
603827,1064000,0,0,0,0
605761,1064000,0,0,0,0
607695,1064000,0,0,0,0
609629,1064000,0,0,0,0
611563,1064000,0,0,0,0
613497,1064000,0,0,0,0
615431,1064000,0,0,0,0
617365,1064000,0,0,0,0
619299,1064000,0,0,0,0
621233,1064000,0,0,0,0
623167,1064000,0,0,0,0
625101,1064000,0,0,0,0
627035,1064000,0,0,0,0
628969,1064000,0,0,0,0
630903,1064000,0,0,0,0
632837,1064000,0,0,0,0
634771,1064000,0,0,0,0
636705,1064000,0,0,0,0
638639,1064000,0,0,0,0
640573,1064000,0,0,0,0
526467,1065800,0,0,0,0
528401,1065800,0,0,0,0
530335,1065800,0,0,0,0
532269,1065800,0,0,0,0
534203,1065800,0,0,0,0
536137,1065800,0,0,0,0
538071,1065800,0,0,0,0
540005,1065800,0,0,0,0
541939,1065800,0,0,0,0
543873,1065800,0,0,0,0
545807,1065800,0,0,0,0
547741,1065800,0,0,0,0
549675,1065800,0,0,0,0
551609,1065800,0,0,0,0
553543,1065800,0,0,0,0
555477,1065800,0,0,0,0
557411,1065800,0,0,0,0
559345,1065800,0,0,0,0
561279,1065800,0,0,0,0
563213,1065800,0,0,0,0
565147,1065800,0,0,0,0
567081,1065800,0,0,0,0
569015,1065800,0,0,0,0
570949,1065800,0,0,0,0
572883,1065800,0,0,0,0
574817,1065800,0,0,0,0
576751,1065800,0,0,0,0
578685,1065800,0,0,0,0
580619,1065800,0,0,0,0
582553,1065800,0,0,0,0
584487,1065800,0,0,0,0
586421,1065800,0,0,0,0
588355,1065800,0,0,0,0
590289,1065800,0,0,0,0
592223,1065800,0,0,0,0
594157,1065800,0,0,0,0
596091,1065800,0,0,0,0
598025,1065800,0,0,0,0
599959,1065800,0,0,0,0
601893,1065800,0,0,0,0
603827,1065800,0,0,0,0
605761,1065800,0,0,0,0
607695,1065800,0,0,0,0
609629,1065800,0,0,0,0
611563,1065800,0,0,0,0
613497,1065800,0,0,0,0
615431,1065800,0,0,0,0
617365,1065800,0,0,0,0
619299,1065800,0,0,0,0
621233,1065800,0,0,0,0
623167,1065800,0,0,0,0
625101,1065800,0,0,0,0
627035,1065800,0,0,0,0
628969,1065800,0,0,0,0
630903,1065800,0,0,0,0
632837,1065800,0,0,0,0
634771,1065800,0,0,0,0
636705,1065800,0,0,0,0
638639,1065800,0,0,0,0
640573,1065800,0,0,0,0
526467,1067600,0,0,0,0
528401,1067600,0,0,0,0
530335,1067600,0,0,0,0
532269,1067600,0,0,0,0
534203,1067600,0,0,0,0
536137,1067600,0,0,0,0
538071,1067600,0,0,0,0
540005,1067600,0,0,0,0
541939,1067600,0,0,0,0
543873,1067600,0,0,0,0
545807,1067600,0,0,0,0
547741,1067600,0,0,0,0
549675,1067600,0,0,0,0
551609,1067600,0,0,0,0
553543,1067600,0,0,0,0
555477,1067600,0,0,0,0
557411,1067600,0,0,0,0
559345,1067600,0,0,0,0
561279,1067600,0,0,0,0
563213,1067600,0,0,0,0
565147,1067600,0,0,0,0
567081,1067600,0,0,0,0
569015,1067600,0,0,0,0
570949,1067600,0,0,0,0
572883,1067600,0,0,0,0
574817,1067600,0,0,0,0
576751,1067600,0,0,0,0
578685,1067600,0,0,0,0
580619,1067600,0,0,0,0
582553,1067600,0,0,0,0
584487,1067600,0,0,0,0
586421,1067600,0,0,0,0
588355,1067600,0,0,0,0
590289,1067600,0,0,0,0
592223,1067600,0,0,0,0
594157,1067600,0,0,0,0
596091,1067600,0,0,0,0
598025,1067600,0,0,0,0
599959,1067600,0,0,0,0
601893,1067600,0,0,0,0
603827,1067600,0,0,0,0
605761,1067600,0,0,0,0
607695,1067600,0,0,0,0
609629,1067600,0,0,0,0
611563,1067600,0,0,0,0
613497,1067600,0,0,0,0
615431,1067600,0,0,0,0
617365,1067600,0,0,0,0
619299,1067600,0,0,0,0
621233,1067600,0,0,0,0
623167,1067600,0,0,0,0
625101,1067600,0,0,0,0
627035,1067600,0,0,0,0
628969,1067600,0,0,0,0
630903,1067600,0,0,0,0
632837,1067600,0,0,0,0
634771,1067600,0,0,0,0
636705,1067600,0,0,0,0
638639,1067600,0,0,0,0
640573,1067600,0,0,0,0
526467,1069400,0,0,0,0
528401,1069400,0,0,0,0
530335,1069400,0,0,0,0
532269,1069400,0,0,0,0
534203,1069400,0,0,0,0
536137,1069400,0,0,0,0
538071,1069400,0,0,0,0
540005,1069400,0,0,0,0
541939,1069400,0,0,0,0
543873,1069400,0,0,0,0
545807,1069400,0,0,0,0
547741,1069400,0,0,0,0
549675,1069400,0,0,0,0
551609,1069400,0,0,0,0
553543,1069400,0,0,0,0
555477,1069400,0,0,0,0
557411,1069400,0,0,0,0
559345,1069400,0,0,0,0
561279,1069400,0,0,0,0
563213,1069400,0,0,0,0
565147,1069400,0,0,0,0
567081,1069400,0,0,0,0
569015,1069400,0,0,0,0
570949,1069400,0,0,0,0
572883,1069400,0,0,0,0
574817,1069400,0,0,0,0
576751,1069400,0,0,0,0
578685,1069400,0,0,0,0
580619,1069400,0,0,0,0
582553,1069400,0,0,0,0
584487,1069400,0,0,0,0
586421,1069400,0,0,0,0
588355,1069400,0,0,0,0
590289,1069400,0,0,0,0
592223,1069400,0,0,0,0
594157,1069400,0,0,0,0
596091,1069400,0,0,0,0
598025,1069400,0,0,0,0
599959,1069400,0,0,0,0
601893,1069400,0,0,0,0
603827,1069400,0,0,0,0
605761,1069400,0,0,0,0
607695,1069400,0,0,0,0
609629,1069400,0,0,0,0
611563,1069400,0,0,0,0
613497,1069400,0,0,0,0
615431,1069400,0,0,0,0
617365,1069400,0,0,0,0
619299,1069400,0,0,0,0
621233,1069400,0,0,0,0
623167,1069400,0,0,0,0
625101,1069400,0,0,0,0
627035,1069400,0,0,0,0
628969,1069400,0,0,0,0
630903,1069400,0,0,0,0
632837,1069400,0,0,0,0
634771,1069400,0,0,0,0
636705,1069400,0,0,0,0
638639,1069400,0,0,0,0
640573,1069400,0,0,0,0
526467,1071200,0,0,0,0
528401,1071200,0,0,0,0
530335,1071200,0,0,0,0
532269,1071200,0,0,0,0
534203,1071200,0,0,0,0
536137,1071200,0,0,0,0
538071,1071200,0,0,0,0
540005,1071200,0,0,0,0
541939,1071200,0,0,0,0
543873,1071200,0,0,0,0
545807,1071200,0,0,0,0
547741,1071200,0,0,0,0
549675,1071200,0,0,0,0
551609,1071200,0,0,0,0
553543,1071200,0,0,0,0
555477,1071200,0,0,0,0
557411,1071200,0,0,0,0
559345,1071200,0,0,0,0
561279,1071200,0,0,0,0
563213,1071200,0,0,0,0
565147,1071200,0,0,0,0
567081,1071200,0,0,0,0
569015,1071200,0,0,0,0
570949,1071200,0,0,0,0
572883,1071200,0,0,0,0
574817,1071200,0,0,0,0
576751,1071200,0,0,0,0
578685,1071200,0,0,0,0
580619,1071200,0,0,0,0
582553,1071200,0,0,0,0
584487,1071200,0,0,0,0
586421,1071200,0,0,0,0
588355,1071200,0,0,0,0
590289,1071200,0,0,0,0
592223,1071200,0,0,0,0
594157,1071200,0,0,0,0
596091,1071200,0,0,0,0
598025,1071200,0,0,0,0
599959,1071200,0,0,0,0
601893,1071200,0,0,0,0
603827,1071200,0,0,0,0
605761,1071200,0,0,0,0
607695,1071200,0,0,0,0
609629,1071200,0,0,0,0
611563,1071200,0,0,0,0
613497,1071200,0,0,0,0
615431,1071200,0,0,0,0
617365,1071200,0,0,0,0
619299,1071200,0,0,0,0
621233,1071200,0,0,0,0
623167,1071200,0,0,0,0
625101,1071200,0,0,0,0
627035,1071200,0,0,0,0
628969,1071200,0,0,0,0
630903,1071200,0,0,0,0
632837,1071200,0,0,0,0
634771,1071200,0,0,0,0
636705,1071200,0,0,0,0
638639,1071200,0,0,0,0
640573,1071200,0,0,0,0
526467,1073000,0,0,0,0
528401,1073000,0,0,0,0
530335,1073000,0,0,0,0
532269,1073000,0,0,0,0
534203,1073000,0,0,0,0
536137,1073000,0,0,0,0
538071,1073000,0,0,0,0
540005,1073000,0,0,0,0
541939,1073000,0,0,0,0
543873,1073000,0,0,0,0
545807,1073000,0,0,0,0
547741,1073000,0,0,0,0
549675,1073000,0,0,0,0
551609,1073000,0,0,0,0
553543,1073000,0,0,0,0
555477,1073000,0,0,0,0
557411,1073000,0,0,0,0
559345,1073000,0,0,0,0
561279,1073000,0,0,0,0
563213,1073000,0,0,0,0
565147,1073000,0,0,0,0
567081,1073000,0,0,0,0
569015,1073000,0,0,0,0
570949,1073000,0,0,0,0
572883,1073000,0,0,0,0
574817,1073000,0,0,0,0
576751,1073000,0,0,0,0
578685,1073000,0,0,0,0
580619,1073000,0,0,0,0
582553,1073000,0,0,0,0
584487,1073000,0,0,0,0
586421,1073000,0,0,0,0
588355,1073000,0,0,0,0
590289,1073000,0,0,0,0
592223,1073000,0,0,0,0
594157,1073000,0,0,0,0
596091,1073000,0,0,0,0
598025,1073000,0,0,0,0
599959,1073000,0,0,0,0
601893,1073000,0,0,0,0
603827,1073000,0,0,0,0
605761,1073000,0,0,0,0
607695,1073000,0,0,0,0
609629,1073000,0,0,0,0
611563,1073000,0,0,0,0
613497,1073000,0,0,0,0
615431,1073000,0,0,0,0
617365,1073000,0,0,0,0
619299,1073000,0,0,0,0
621233,1073000,0,0,0,0
623167,1073000,0,0,0,0
625101,1073000,0,0,0,0
627035,1073000,0,0,0,0
628969,1073000,0,0,0,0
630903,1073000,0,0,0,0
632837,1073000,0,0,0,0
634771,1073000,0,0,0,0
636705,1073000,0,0,0,0
638639,1073000,0,0,0,0
640573,1073000,0,0,0,0
526467,1074800,0,0,0,0
528401,1074800,0,0,0,0
530335,1074800,0,0,0,0
532269,1074800,0,0,0,0
534203,1074800,0,0,0,0
536137,1074800,0,0,0,0
538071,1074800,0,0,0,0
540005,1074800,0,0,0,0
541939,1074800,0,0,0,0
543873,1074800,0,0,0,0
545807,1074800,0,0,0,0
547741,1074800,0,0,0,0
549675,1074800,0,0,0,0
551609,1074800,0,0,0,0
553543,1074800,0,0,0,0
555477,1074800,0,0,0,0
557411,1074800,0,0,0,0
559345,1074800,0,0,0,0
561279,1074800,0,0,0,0
563213,1074800,0,0,0,0
565147,1074800,0,0,0,0
567081,1074800,0,0,0,0
569015,1074800,0,0,0,0
570949,1074800,0,0,0,0
572883,1074800,0,0,0,0
574817,1074800,0,0,0,0
576751,1074800,0,0,0,0
578685,1074800,0,0,0,0
580619,1074800,0,0,0,0
582553,1074800,0,0,0,0
584487,1074800,0,0,0,0
586421,1074800,0,0,0,0
588355,1074800,0,0,0,0
590289,1074800,0,0,0,0
592223,1074800,0,0,0,0
594157,1074800,0,0,0,0
596091,1074800,0,0,0,0
598025,1074800,0,0,0,0
599959,1074800,0,0,0,0
601893,1074800,0,0,0,0
603827,1074800,0,0,0,0
605761,1074800,0,0,0,0
607695,1074800,0,0,0,0
609629,1074800,0,0,0,0
611563,1074800,0,0,0,0
613497,1074800,0,0,0,0
615431,1074800,0,0,0,0
617365,1074800,0,0,0,0
619299,1074800,0,0,0,0
621233,1074800,0,0,0,0
623167,1074800,0,0,0,0
625101,1074800,0,0,0,0
627035,1074800,0,0,0,0
628969,1074800,0,0,0,0
630903,1074800,0,0,0,0
632837,1074800,0,0,0,0
634771,1074800,0,0,0,0
636705,1074800,0,0,0,0
638639,1074800,0,0,0,0
640573,1074800,0,0,0,0
526467,1076600,0,0,0,0
528401,1076600,0,0,0,0
530335,1076600,0,0,0,0
532269,1076600,0,0,0,0
534203,1076600,0,0,0,0
536137,1076600,0,0,0,0
538071,1076600,0,0,0,0
540005,1076600,0,0,0,0
541939,1076600,0,0,0,0
543873,1076600,0,0,0,0
545807,1076600,0,0,0,0
547741,1076600,0,0,0,0
549675,1076600,0,0,0,0
551609,1076600,0,0,0,0
553543,1076600,0,0,0,0
555477,1076600,0,0,0,0
557411,1076600,0,0,0,0
559345,1076600,0,0,0,0
561279,1076600,0,0,0,0
563213,1076600,0,0,0,0
565147,1076600,0,0,0,0
567081,1076600,0,0,0,0
569015,1076600,0,0,0,0
570949,1076600,0,0,0,0
572883,1076600,0,0,0,0
574817,1076600,0,0,0,0
576751,1076600,0,0,0,0
578685,1076600,0,0,0,0
580619,1076600,0,0,0,0
582553,1076600,0,0,0,0
584487,1076600,0,0,0,0
586421,1076600,0,0,0,0
588355,1076600,0,0,0,0
590289,1076600,0,0,0,0
592223,1076600,0,0,0,0
594157,1076600,0,0,0,0
596091,1076600,0,0,0,0
598025,1076600,0,0,0,0
599959,1076600,0,0,0,0
601893,1076600,0,0,0,0
603827,1076600,0,0,0,0
605761,1076600,0,0,0,0
607695,1076600,0,0,0,0
609629,1076600,0,0,0,0
611563,1076600,0,0,0,0
613497,1076600,0,0,0,0
615431,1076600,0,0,0,0
617365,1076600,0,0,0,0
619299,1076600,0,0,0,0
621233,1076600,0,0,0,0
623167,1076600,0,0,0,0
625101,1076600,0,0,0,0
627035,1076600,0,0,0,0
628969,1076600,0,0,0,0
630903,1076600,0,0,0,0
632837,1076600,0,0,0,0
634771,1076600,0,0,0,0
636705,1076600,0,0,0,0
638639,1076600,0,0,0,0
640573,1076600,0,0,0,0
526467,1078400,0,0,0,0
528401,1078400,0,0,0,0
530335,1078400,0,0,0,0
532269,1078400,0,0,0,0
534203,1078400,0,0,0,0
536137,1078400,0,0,0,0
538071,1078400,0,0,0,0
540005,1078400,0,0,0,0
541939,1078400,0,0,0,0
543873,1078400,0,0,0,0
545807,1078400,0,0,0,0
547741,1078400,0,0,0,0
549675,1078400,0,0,0,0
551609,1078400,0,0,0,0
553543,1078400,0,0,0,0
555477,1078400,0,0,0,0
557411,1078400,0,0,0,0
559345,1078400,0,0,0,0
561279,1078400,0,0,0,0
563213,1078400,0,0,0,0
565147,1078400,0,0,0,0
567081,1078400,0,0,0,0
569015,1078400,0,0,0,0
570949,1078400,0,0,0,0
572883,1078400,0,0,0,0
574817,1078400,0,0,0,0
576751,1078400,0,0,0,0
578685,1078400,0,0,0,0
580619,1078400,0,0,0,0
582553,1078400,0,0,0,0
584487,1078400,0,0,0,0
586421,1078400,0,0,0,0
588355,1078400,0,0,0,0
590289,1078400,0,0,0,0
592223,1078400,0,0,0,0
594157,1078400,0,0,0,0
596091,1078400,0,0,0,0
598025,1078400,0,0,0,0
599959,1078400,0,0,0,0
601893,1078400,0,0,0,0
603827,1078400,0,0,0,0
605761,1078400,0,0,0,0
607695,1078400,0,0,0,0
609629,1078400,0,0,0,0
611563,1078400,0,0,0,0
613497,1078400,0,0,0,0
615431,1078400,0,0,0,0
617365,1078400,0,0,0,0
619299,1078400,0,0,0,0
621233,1078400,0,0,0,0
623167,1078400,0,0,0,0
625101,1078400,0,0,0,0
627035,1078400,0,0,0,0
628969,1078400,0,0,0,0
630903,1078400,0,0,0,0
632837,1078400,0,0,0,0
634771,1078400,0,0,0,0
636705,1078400,0,0,0,0
638639,1078400,0,0,0,0
640573,1078400,0,0,0,0
526467,1080200,0,0,0,0
528401,1080200,0,0,0,0
530335,1080200,0,0,0,0
532269,1080200,0,0,0,0
534203,1080200,0,0,0,0
536137,1080200,0,0,0,0
538071,1080200,0,0,0,0
540005,1080200,0,0,0,0
541939,1080200,0,0,0,0
543873,1080200,0,0,0,0
545807,1080200,0,0,0,0
547741,1080200,0,0,0,0
549675,1080200,0,0,0,0
551609,1080200,0,0,0,0
553543,1080200,0,0,0,0
555477,1080200,0,0,0,0
557411,1080200,0,0,0,0
559345,1080200,0,0,0,0
561279,1080200,0,0,0,0
563213,1080200,0,0,0,0
565147,1080200,0,0,0,0
567081,1080200,0,0,0,0
569015,1080200,0,0,0,0
570949,1080200,0,0,0,0
572883,1080200,0,0,0,0
574817,1080200,0,0,0,0
576751,1080200,0,0,0,0
578685,1080200,0,0,0,0
580619,1080200,0,0,0,0
582553,1080200,0,0,0,0
584487,1080200,0,0,0,0
586421,1080200,0,0,0,0
588355,1080200,0,0,0,0
590289,1080200,0,0,0,0
592223,1080200,0,0,0,0
594157,1080200,0,0,0,0
596091,1080200,0,0,0,0
598025,1080200,0,0,0,0
599959,1080200,0,0,0,0
601893,1080200,0,0,0,0
603827,1080200,0,0,0,0
605761,1080200,0,0,0,0
607695,1080200,0,0,0,0
609629,1080200,0,0,0,0
611563,1080200,0,0,0,0
613497,1080200,0,0,0,0
615431,1080200,0,0,0,0
617365,1080200,0,0,0,0
619299,1080200,0,0,0,0
621233,1080200,0,0,0,0
623167,1080200,0,0,0,0
625101,1080200,0,0,0,0
627035,1080200,0,0,0,0
628969,1080200,0,0,0,0
630903,1080200,0,0,0,0
632837,1080200,0,0,0,0
634771,1080200,0,0,0,0
636705,1080200,0,0,0,0
638639,1080200,0,0,0,0
640573,1080200,0,0,0,0
526467,1082000,0,0,0,0
528401,1082000,0,0,0,0
530335,1082000,0,0,0,0
532269,1082000,0,0,0,0
534203,1082000,0,0,0,0
536137,1082000,0,0,0,0
538071,1082000,0,0,0,0
540005,1082000,0,0,0,0
541939,1082000,0,0,0,0
543873,1082000,0,0,0,0
545807,1082000,0,0,0,0
547741,1082000,0,0,0,0
549675,1082000,0,0,0,0
551609,1082000,0,0,0,0
553543,1082000,0,0,0,0
555477,1082000,0,0,0,0
557411,1082000,0,0,0,0
559345,1082000,0,0,0,0
561279,1082000,0,0,0,0
563213,1082000,0,0,0,0
565147,1082000,0,0,0,0
567081,1082000,0,0,0,0
569015,1082000,0,0,0,0
570949,1082000,0,0,0,0
572883,1082000,0,0,0,0
574817,1082000,0,0,0,0
576751,1082000,0,0,0,0
578685,1082000,0,0,0,0
580619,1082000,0,0,0,0
582553,1082000,0,0,0,0
584487,1082000,0,0,0,0
586421,1082000,0,0,0,0
588355,1082000,0,0,0,0
590289,1082000,0,0,0,0
592223,1082000,0,0,0,0
594157,1082000,0,0,0,0
596091,1082000,0,0,0,0
598025,1082000,0,0,0,0
599959,1082000,0,0,0,0
601893,1082000,0,0,0,0
603827,1082000,0,0,0,0
605761,1082000,0,0,0,0
607695,1082000,0,0,0,0
609629,1082000,0,0,0,0
611563,1082000,0,0,0,0
613497,1082000,0,0,0,0
615431,1082000,0,0,0,0
617365,1082000,0,0,0,0
619299,1082000,0,0,0,0
621233,1082000,0,0,0,0
623167,1082000,0,0,0,0
625101,1082000,0,0,0,0
627035,1082000,0,0,0,0
628969,1082000,0,0,0,0
630903,1082000,0,0,0,0
632837,1082000,0,0,0,0
634771,1082000,0,0,0,0
636705,1082000,0,0,0,0
638639,1082000,0,0,0,0
640573,1082000,0,0,0,0
526467,1083800,0,0,0,0
528401,1083800,0,0,0,0
530335,1083800,0,0,0,0
532269,1083800,0,0,0,0
534203,1083800,0,0,0,0
536137,1083800,0,0,0,0
538071,1083800,0,0,0,0
540005,1083800,0,0,0,0
541939,1083800,0,0,0,0
543873,1083800,0,0,0,0
545807,1083800,0,0,0,0
547741,1083800,0,0,0,0
549675,1083800,0,0,0,0
551609,1083800,0,0,0,0
553543,1083800,0,0,0,0
555477,1083800,0,0,0,0
557411,1083800,0,0,0,0
559345,1083800,0,0,0,0
561279,1083800,0,0,0,0
563213,1083800,0,0,0,0
565147,1083800,0,0,0,0
567081,1083800,0,0,0,0
569015,1083800,0,0,0,0
570949,1083800,0,0,0,0
572883,1083800,0,0,0,0
574817,1083800,0,0,0,0
576751,1083800,0,0,0,0
578685,1083800,0,0,0,0
580619,1083800,0,0,0,0
582553,1083800,0,0,0,0
584487,1083800,0,0,0,0
586421,1083800,0,0,0,0
588355,1083800,0,0,0,0
590289,1083800,0,0,0,0
592223,1083800,0,0,0,0
594157,1083800,0,0,0,0
596091,1083800,0,0,0,0
598025,1083800,0,0,0,0
599959,1083800,0,0,0,0
601893,1083800,0,0,0,0
603827,1083800,0,0,0,0
605761,1083800,0,0,0,0
607695,1083800,0,0,0,0
609629,1083800,0,0,0,0
611563,1083800,0,0,0,0
613497,1083800,0,0,0,0
615431,1083800,0,0,0,0
617365,1083800,0,0,0,0
619299,1083800,0,0,0,0
621233,1083800,0,0,0,0
623167,1083800,0,0,0,0
625101,1083800,0,0,0,0
627035,1083800,0,0,0,0
628969,1083800,0,0,0,0
630903,1083800,0,0,0,0
632837,1083800,0,0,0,0
634771,1083800,0,0,0,0
636705,1083800,0,0,0,0
638639,1083800,0,0,0,0
640573,1083800,0,0,0,0
526467,1085600,0,0,0,0
528401,1085600,0,0,0,0
530335,1085600,0,0,0,0
532269,1085600,0,0,0,0
534203,1085600,0,0,0,0
536137,1085600,0,0,0,0
538071,1085600,0,0,0,0
540005,1085600,0,0,0,0
541939,1085600,0,0,0,0
543873,1085600,0,0,0,0
545807,1085600,0,0,0,0
547741,1085600,0,0,0,0
549675,1085600,0,0,0,0
551609,1085600,0,0,0,0
553543,1085600,0,0,0,0
555477,1085600,0,0,0,0
557411,1085600,0,0,0,0
559345,1085600,0,0,0,0
561279,1085600,0,0,0,0
563213,1085600,0,0,0,0
565147,1085600,0,0,0,0
567081,1085600,0,0,0,0
569015,1085600,0,0,0,0
570949,1085600,0,0,0,0
572883,1085600,0,0,0,0
574817,1085600,0,0,0,0
576751,1085600,0,0,0,0
578685,1085600,0,0,0,0
580619,1085600,0,0,0,0
582553,1085600,0,0,0,0
584487,1085600,0,0,0,0
586421,1085600,0,0,0,0
588355,1085600,0,0,0,0
590289,1085600,0,0,0,0
592223,1085600,0,0,0,0
594157,1085600,0,0,0,0
596091,1085600,0,0,0,0
598025,1085600,0,0,0,0
599959,1085600,0,0,0,0
601893,1085600,0,0,0,0
603827,1085600,0,0,0,0
605761,1085600,0,0,0,0
607695,1085600,0,0,0,0
609629,1085600,0,0,0,0
611563,1085600,0,0,0,0
613497,1085600,0,0,0,0
615431,1085600,0,0,0,0
617365,1085600,0,0,0,0
619299,1085600,0,0,0,0
621233,1085600,0,0,0,0
623167,1085600,0,0,0,0
625101,1085600,0,0,0,0
627035,1085600,0,0,0,0
628969,1085600,0,0,0,0
630903,1085600,0,0,0,0
632837,1085600,0,0,0,0
634771,1085600,0,0,0,0
636705,1085600,0,0,0,0
638639,1085600,0,0,0,0
640573,1085600,0,0,0,0
526467,1087400,0,0,0,0
528401,1087400,0,0,0,0
530335,1087400,0,0,0,0
532269,1087400,0,0,0,0
534203,1087400,0,0,0,0
536137,1087400,0,0,0,0
538071,1087400,0,0,0,0
540005,1087400,0,0,0,0
541939,1087400,0,0,0,0
543873,1087400,0,0,0,0
545807,1087400,0,0,0,0
547741,1087400,0,0,0,0
549675,1087400,0,0,0,0
551609,1087400,0,0,0,0
553543,1087400,0,0,0,0
555477,1087400,0,0,0,0
557411,1087400,0,0,0,0
559345,1087400,0,0,0,0
561279,1087400,0,0,0,0
563213,1087400,0,0,0,0
565147,1087400,0,0,0,0
567081,1087400,0,0,0,0
569015,1087400,0,0,0,0
570949,1087400,0,0,0,0
572883,1087400,0,0,0,0
574817,1087400,0,0,0,0
576751,1087400,0,0,0,0
578685,1087400,0,0,0,0
580619,1087400,0,0,0,0
582553,1087400,0,0,0,0
584487,1087400,0,0,0,0
586421,1087400,0,0,0,0
588355,1087400,0,0,0,0
590289,1087400,0,0,0,0
592223,1087400,0,0,0,0
594157,1087400,0,0,0,0
596091,1087400,0,0,0,0
598025,1087400,0,0,0,0
599959,1087400,0,0,0,0
601893,1087400,0,0,0,0
603827,1087400,0,0,0,0
605761,1087400,0,0,0,0
607695,1087400,0,0,0,0
609629,1087400,0,0,0,0
611563,1087400,0,0,0,0
613497,1087400,0,0,0,0
615431,1087400,0,0,0,0
617365,1087400,0,0,0,0
619299,1087400,0,0,0,0
621233,1087400,0,0,0,0
623167,1087400,0,0,0,0
625101,1087400,0,0,0,0
627035,1087400,0,0,0,0
628969,1087400,0,0,0,0
630903,1087400,0,0,0,0
632837,1087400,0,0,0,0
634771,1087400,0,0,0,0
636705,1087400,0,0,0,0
638639,1087400,0,0,0,0
640573,1087400,0,0,0,0
526467,1089200,0,0,0,0
528401,1089200,0,0,0,0
530335,1089200,0,0,0,0
532269,1089200,0,0,0,0
534203,1089200,0,0,0,0
536137,1089200,0,0,0,0
538071,1089200,0,0,0,0
540005,1089200,0,0,0,0
541939,1089200,0,0,0,0
543873,1089200,0,0,0,0
545807,1089200,0,0,0,0
547741,1089200,0,0,0,0
549675,1089200,0,0,0,0
551609,1089200,0,0,0,0
553543,1089200,0,0,0,0
555477,1089200,0,0,0,0
557411,1089200,0,0,0,0
559345,1089200,0,0,0,0
561279,1089200,0,0,0,0
563213,1089200,0,0,0,0
565147,1089200,0,0,0,0
567081,1089200,0,0,0,0
569015,1089200,0,0,0,0
570949,1089200,0,0,0,0
572883,1089200,0,0,0,0
574817,1089200,0,0,0,0
576751,1089200,0,0,0,0
578685,1089200,0,0,0,0
580619,1089200,0,0,0,0
582553,1089200,0,0,0,0
584487,1089200,0,0,0,0
586421,1089200,0,0,0,0
588355,1089200,0,0,0,0
590289,1089200,0,0,0,0
592223,1089200,0,0,0,0
594157,1089200,0,0,0,0
596091,1089200,0,0,0,0
598025,1089200,0,0,0,0
599959,1089200,0,0,0,0
601893,1089200,0,0,0,0
603827,1089200,0,0,0,0
605761,1089200,0,0,0,0
607695,1089200,0,0,0,0
609629,1089200,0,0,0,0
611563,1089200,0,0,0,0
613497,1089200,0,0,0,0
615431,1089200,0,0,0,0
617365,1089200,0,0,0,0
619299,1089200,0,0,0,0
621233,1089200,0,0,0,0
623167,1089200,0,0,0,0
625101,1089200,0,0,0,0
627035,1089200,0,0,0,0
628969,1089200,0,0,0,0
630903,1089200,0,0,0,0
632837,1089200,0,0,0,0
634771,1089200,0,0,0,0
636705,1089200,0,0,0,0
638639,1089200,0,0,0,0
640573,1089200,0,0,0,0
526467,1091000,0,0,0,0
528401,1091000,0,0,0,0
530335,1091000,0,0,0,0
532269,1091000,0,0,0,0
534203,1091000,0,0,0,0
536137,1091000,0,0,0,0
538071,1091000,0,0,0,0
540005,1091000,0,0,0,0
541939,1091000,0,0,0,0
543873,1091000,0,0,0,0
545807,1091000,0,0,0,0
547741,1091000,0,0,0,0
549675,1091000,0,0,0,0
551609,1091000,0,0,0,0
553543,1091000,0,0,0,0
555477,1091000,0,0,0,0
557411,1091000,0,0,0,0
559345,1091000,0,0,0,0
561279,1091000,0,0,0,0
563213,1091000,0,0,0,0
565147,1091000,0,0,0,0
567081,1091000,0,0,0,0
569015,1091000,0,0,0,0
570949,1091000,0,0,0,0
572883,1091000,0,0,0,0
574817,1091000,0,0,0,0
576751,1091000,0,0,0,0
578685,1091000,0,0,0,0
580619,1091000,0,0,0,0
582553,1091000,0,0,0,0
584487,1091000,0,0,0,0
586421,1091000,0,0,0,0
588355,1091000,0,0,0,0
590289,1091000,0,0,0,0
592223,1091000,0,0,0,0
594157,1091000,0,0,0,0
596091,1091000,0,0,0,0
598025,1091000,0,0,0,0
599959,1091000,0,0,0,0
601893,1091000,0,0,0,0
603827,1091000,0,0,0,0
605761,1091000,0,0,0,0
607695,1091000,0,0,0,0
609629,1091000,0,0,0,0
611563,1091000,0,0,0,0
613497,1091000,0,0,0,0
615431,1091000,0,0,0,0
617365,1091000,0,0,0,0
619299,1091000,0,0,0,0
621233,1091000,0,0,0,0
623167,1091000,0,0,0,0
625101,1091000,0,0,0,0
627035,1091000,0,0,0,0
628969,1091000,0,0,0,0
630903,1091000,0,0,0,0
632837,1091000,0,0,0,0
634771,1091000,0,0,0,0
636705,1091000,0,0,0,0
638639,1091000,0,0,0,0
640573,1091000,0,0,0,0
526467,1092800,0,0,0,0
528401,1092800,0,0,0,0
530335,1092800,0,0,0,0
532269,1092800,0,0,0,0
534203,1092800,0,0,0,0
536137,1092800,0,0,0,0
538071,1092800,0,0,0,0
540005,1092800,0,0,0,0
541939,1092800,0,0,0,0
543873,1092800,0,0,0,0
545807,1092800,0,0,0,0
547741,1092800,0,0,0,0
549675,1092800,0,0,0,0
551609,1092800,0,0,0,0
553543,1092800,0,0,0,0
555477,1092800,0,0,0,0
557411,1092800,0,0,0,0
559345,1092800,0,0,0,0
561279,1092800,0,0,0,0
563213,1092800,0,0,0,0
565147,1092800,0,0,0,0
567081,1092800,0,0,0,0
569015,1092800,0,0,0,0
570949,1092800,0,0,0,0
572883,1092800,0,0,0,0
574817,1092800,0,0,0,0
576751,1092800,0,0,0,0
578685,1092800,0,0,0,0
580619,1092800,0,0,0,0
582553,1092800,0,0,0,0
584487,1092800,0,0,0,0
586421,1092800,0,0,0,0
588355,1092800,0,0,0,0
590289,1092800,0,0,0,0
592223,1092800,0,0,0,0
594157,1092800,0,0,0,0
596091,1092800,0,0,0,0
598025,1092800,0,0,0,0
599959,1092800,0,0,0,0
601893,1092800,0,0,0,0
603827,1092800,0,0,0,0
605761,1092800,0,0,0,0
607695,1092800,0,0,0,0
609629,1092800,0,0,0,0
611563,1092800,0,0,0,0
613497,1092800,0,0,0,0
615431,1092800,0,0,0,0
617365,1092800,0,0,0,0
619299,1092800,0,0,0,0
621233,1092800,0,0,0,0
623167,1092800,0,0,0,0
625101,1092800,0,0,0,0
627035,1092800,0,0,0,0
628969,1092800,0,0,0,0
630903,1092800,0,0,0,0
632837,1092800,0,0,0,0
634771,1092800,0,0,0,0
636705,1092800,0,0,0,0
638639,1092800,0,0,0,0
640573,1092800,0,0,0,0
526467,1094600,0,0,0,0
528401,1094600,0,0,0,0
530335,1094600,0,0,0,0
532269,1094600,0,0,0,0
534203,1094600,0,0,0,0
536137,1094600,0,0,0,0
538071,1094600,0,0,0,0
540005,1094600,0,0,0,0
541939,1094600,0,0,0,0
543873,1094600,0,0,0,0
545807,1094600,0,0,0,0
547741,1094600,0,0,0,0
549675,1094600,0,0,0,0
551609,1094600,0,0,0,0
553543,1094600,0,0,0,0
555477,1094600,0,0,0,0
557411,1094600,0,0,0,0
559345,1094600,0,0,0,0
561279,1094600,0,0,0,0
563213,1094600,0,0,0,0
565147,1094600,0,0,0,0
567081,1094600,0,0,0,0
569015,1094600,0,0,0,0
570949,1094600,0,0,0,0
572883,1094600,0,0,0,0
574817,1094600,0,0,0,0
576751,1094600,0,0,0,0
578685,1094600,0,0,0,0
580619,1094600,0,0,0,0
582553,1094600,0,0,0,0
584487,1094600,0,0,0,0
586421,1094600,0,0,0,0
588355,1094600,0,0,0,0
590289,1094600,0,0,0,0
592223,1094600,0,0,0,0
594157,1094600,0,0,0,0
596091,1094600,0,0,0,0
598025,1094600,0,0,0,0
599959,1094600,0,0,0,0
601893,1094600,0,0,0,0
603827,1094600,0,0,0,0
605761,1094600,0,0,0,0
607695,1094600,0,0,0,0
609629,1094600,0,0,0,0
611563,1094600,0,0,0,0
613497,1094600,0,0,0,0
615431,1094600,0,0,0,0
617365,1094600,0,0,0,0
619299,1094600,0,0,0,0
621233,1094600,0,0,0,0
623167,1094600,0,0,0,0
625101,1094600,0,0,0,0
627035,1094600,0,0,0,0
628969,1094600,0,0,0,0
630903,1094600,0,0,0,0
632837,1094600,0,0,0,0
634771,1094600,0,0,0,0
636705,1094600,0,0,0,0
638639,1094600,0,0,0,0
640573,1094600,0,0,0,0
526467,1096400,0,0,0,0
528401,1096400,0,0,0,0
530335,1096400,0,0,0,0
532269,1096400,0,0,0,0
534203,1096400,0,0,0,0
536137,1096400,0,0,0,0
538071,1096400,0,0,0,0
540005,1096400,0,0,0,0
541939,1096400,0,0,0,0
543873,1096400,0,0,0,0
545807,1096400,0,0,0,0
547741,1096400,0,0,0,0
549675,1096400,0,0,0,0
551609,1096400,0,0,0,0
553543,1096400,0,0,0,0
555477,1096400,0,0,0,0
557411,1096400,0,0,0,0
559345,1096400,0,0,0,0
561279,1096400,0,0,0,0
563213,1096400,0,0,0,0
565147,1096400,0,0,0,0
567081,1096400,0,0,0,0
569015,1096400,0,0,0,0
570949,1096400,0,0,0,0
572883,1096400,0,0,0,0
574817,1096400,0,0,0,0
576751,1096400,0,0,0,0
578685,1096400,0,0,0,0
580619,1096400,0,0,0,0
582553,1096400,0,0,0,0
584487,1096400,0,0,0,0
586421,1096400,0,0,0,0
588355,1096400,0,0,0,0
590289,1096400,0,0,0,0
592223,1096400,0,0,0,0
594157,1096400,0,0,0,0
596091,1096400,0,0,0,0
598025,1096400,0,0,0,0
599959,1096400,0,0,0,0
601893,1096400,0,0,0,0
603827,1096400,0,0,0,0
605761,1096400,0,0,0,0
607695,1096400,0,0,0,0
609629,1096400,0,0,0,0
611563,1096400,0,0,0,0
613497,1096400,0,0,0,0
615431,1096400,0,0,0,0
617365,1096400,0,0,0,0
619299,1096400,0,0,0,0
621233,1096400,0,0,0,0
623167,1096400,0,0,0,0
625101,1096400,0,0,0,0
627035,1096400,0,0,0,0
628969,1096400,0,0,0,0
630903,1096400,0,0,0,0
632837,1096400,0,0,0,0
634771,1096400,0,0,0,0
636705,1096400,0,0,0,0
638639,1096400,0,0,0,0
640573,1096400,0,0,0,0
526467,1098200,0,0,0,0
528401,1098200,0,0,0,0
530335,1098200,0,0,0,0
532269,1098200,0,0,0,0
534203,1098200,0,0,0,0
536137,1098200,0,0,0,0
538071,1098200,0,0,0,0
540005,1098200,0,0,0,0
541939,1098200,0,0,0,0
543873,1098200,0,0,0,0
545807,1098200,0,0,0,0
547741,1098200,0,0,0,0
549675,1098200,0,0,0,0
551609,1098200,0,0,0,0
553543,1098200,0,0,0,0
555477,1098200,0,0,0,0
557411,1098200,0,0,0,0
559345,1098200,0,0,0,0
561279,1098200,0,0,0,0
563213,1098200,0,0,0,0
565147,1098200,0,0,0,0
567081,1098200,0,0,0,0
569015,1098200,0,0,0,0
570949,1098200,0,0,0,0
572883,1098200,0,0,0,0
574817,1098200,0,0,0,0
576751,1098200,0,0,0,0
578685,1098200,0,0,0,0
580619,1098200,0,0,0,0
582553,1098200,0,0,0,0
584487,1098200,0,0,0,0
586421,1098200,0,0,0,0
588355,1098200,0,0,0,0
590289,1098200,0,0,0,0
592223,1098200,0,0,0,0
594157,1098200,0,0,0,0
596091,1098200,0,0,0,0
598025,1098200,0,0,0,0
599959,1098200,0,0,0,0
601893,1098200,0,0,0,0
603827,1098200,0,0,0,0
605761,1098200,0,0,0,0
607695,1098200,0,0,0,0
609629,1098200,0,0,0,0
611563,1098200,0,0,0,0
613497,1098200,0,0,0,0
615431,1098200,0,0,0,0
617365,1098200,0,0,0,0
619299,1098200,0,0,0,0
621233,1098200,0,0,0,0
623167,1098200,0,0,0,0
625101,1098200,0,0,0,0
627035,1098200,0,0,0,0
628969,1098200,0,0,0,0
630903,1098200,0,0,0,0
632837,1098200,0,0,0,0
634771,1098200,0,0,0,0
636705,1098200,0,0,0,0
638639,1098200,0,0,0,0
640573,1098200,0,0,0,0
526467,1100000,0,0,0,0
528401,1100000,0,0,0,0
530335,1100000,0,0,0,0
532269,1100000,0,0,0,0
534203,1100000,0,0,0,0
536137,1100000,0,0,0,0
538071,1100000,0,0,0,0
540005,1100000,0,0,0,0
541939,1100000,0,0,0,0
543873,1100000,0,0,0,0
545807,1100000,0,0,0,0
547741,1100000,0,0,0,0
549675,1100000,0,0,0,0
551609,1100000,0,0,0,0
553543,1100000,0,0,0,0
555477,1100000,0,0,0,0
557411,1100000,0,0,0,0
559345,1100000,0,0,0,0
561279,1100000,0,0,0,0
563213,1100000,0,0,0,0
565147,1100000,0,0,0,0
567081,1100000,0,0,0,0
569015,1100000,0,0,0,0
570949,1100000,0,0,0,0
572883,1100000,0,0,0,0
574817,1100000,0,0,0,0
576751,1100000,0,0,0,0
578685,1100000,0,0,0,0
580619,1100000,0,0,0,0
582553,1100000,0,0,0,0
584487,1100000,0,0,0,0
586421,1100000,0,0,0,0
588355,1100000,0,0,0,0
590289,1100000,0,0,0,0
592223,1100000,0,0,0,0
594157,1100000,0,0,0,0
596091,1100000,0,0,0,0
598025,1100000,0,0,0,0
599959,1100000,0,0,0,0
601893,1100000,0,0,0,0
603827,1100000,0,0,0,0
605761,1100000,0,0,0,0
607695,1100000,0,0,0,0
609629,1100000,0,0,0,0
611563,1100000,0,0,0,0
613497,1100000,0,0,0,0
615431,1100000,0,0,0,0
617365,1100000,0,0,0,0
619299,1100000,0,0,0,0
621233,1100000,0,0,0,0
623167,1100000,0,0,0,0
625101,1100000,0,0,0,0
627035,1100000,0,0,0,0
628969,1100000,0,0,0,0
630903,1100000,0,0,0,0
632837,1100000,0,0,0,0
634771,1100000,0,0,0,0
636705,1100000,0,0,0,0
638639,1100000,0,0,0,0
640573,1100000,0,0,0,0
526467,1101800,0,0,0,0
528401,1101800,0,0,0,0
530335,1101800,0,0,0,0
532269,1101800,0,0,0,0
534203,1101800,0,0,0,0
536137,1101800,0,0,0,0
538071,1101800,0,0,0,0
540005,1101800,0,0,0,0
541939,1101800,0,0,0,0
543873,1101800,0,0,0,0
545807,1101800,0,0,0,0
547741,1101800,0,0,0,0
549675,1101800,0,0,0,0
551609,1101800,0,0,0,0
553543,1101800,0,0,0,0
555477,1101800,0,0,0,0
557411,1101800,0,0,0,0
559345,1101800,0,0,0,0
561279,1101800,0,0,0,0
563213,1101800,0,0,0,0
565147,1101800,0,0,0,0
567081,1101800,0,0,0,0
569015,1101800,0,0,0,0
570949,1101800,0,0,0,0
572883,1101800,0,0,0,0
574817,1101800,0,0,0,0
576751,1101800,0,0,0,0
578685,1101800,0,0,0,0
580619,1101800,0,0,0,0
582553,1101800,0,0,0,0
584487,1101800,0,0,0,0
586421,1101800,0,0,0,0
588355,1101800,0,0,0,0
590289,1101800,0,0,0,0
592223,1101800,0,0,0,0
594157,1101800,0,0,0,0
596091,1101800,0,0,0,0
598025,1101800,0,0,0,0
599959,1101800,0,0,0,0
601893,1101800,0,0,0,0
603827,1101800,0,0,0,0
605761,1101800,0,0,0,0
607695,1101800,0,0,0,0
609629,1101800,0,0,0,0
611563,1101800,0,0,0,0
613497,1101800,0,0,0,0
615431,1101800,0,0,0,0
617365,1101800,0,0,0,0
619299,1101800,0,0,0,0
621233,1101800,0,0,0,0
623167,1101800,0,0,0,0
625101,1101800,0,0,0,0
627035,1101800,0,0,0,0
628969,1101800,0,0,0,0
630903,1101800,0,0,0,0
632837,1101800,0,0,0,0
634771,1101800,0,0,0,0
636705,1101800,0,0,0,0
638639,1101800,0,0,0,0
640573,1101800,0,0,0,0
526467,1103600,0,0,0,0
528401,1103600,0,0,0,0
530335,1103600,0,0,0,0
532269,1103600,0,0,0,0
534203,1103600,0,0,0,0
536137,1103600,0,0,0,0
538071,1103600,0,0,0,0
540005,1103600,0,0,0,0
541939,1103600,0,0,0,0
543873,1103600,0,0,0,0
545807,1103600,0,0,0,0
547741,1103600,0,0,0,0
549675,1103600,0,0,0,0
551609,1103600,0,0,0,0
553543,1103600,0,0,0,0
555477,1103600,0,0,0,0
557411,1103600,0,0,0,0
559345,1103600,0,0,0,0
561279,1103600,0,0,0,0
563213,1103600,0,0,0,0
565147,1103600,0,0,0,0
567081,1103600,0,0,0,0
569015,1103600,0,0,0,0
570949,1103600,0,0,0,0
572883,1103600,0,0,0,0
574817,1103600,0,0,0,0
576751,1103600,0,0,0,0
578685,1103600,0,0,0,0
580619,1103600,0,0,0,0
582553,1103600,0,0,0,0
584487,1103600,0,0,0,0
586421,1103600,0,0,0,0
588355,1103600,0,0,0,0
590289,1103600,0,0,0,0
592223,1103600,0,0,0,0
594157,1103600,0,0,0,0
596091,1103600,0,0,0,0
598025,1103600,0,0,0,0
599959,1103600,0,0,0,0
601893,1103600,0,0,0,0
603827,1103600,0,0,0,0
605761,1103600,0,0,0,0
607695,1103600,0,0,0,0
609629,1103600,0,0,0,0
611563,1103600,0,0,0,0
613497,1103600,0,0,0,0
615431,1103600,0,0,0,0
617365,1103600,0,0,0,0
619299,1103600,0,0,0,0
621233,1103600,0,0,0,0
623167,1103600,0,0,0,0
625101,1103600,0,0,0,0
627035,1103600,0,0,0,0
628969,1103600,0,0,0,0
630903,1103600,0,0,0,0
632837,1103600,0,0,0,0
634771,1103600,0,0,0,0
636705,1103600,0,0,0,0
638639,1103600,0,0,0,0
640573,1103600,0,0,0,0
